site_id,lat,lon,priority,score,s1_희소성,s2_지형,s3_전력철도,s4_인구이격,s5_자기균일,dem_slope_deg,d_power_km,d_railway_km,d_urban_km
1,36.66786,126.25804,1,61.1,10.4,15.0,11.8,9.7,2.0,0.03,3.6,31.6,2.1
2,34.32601,126.51097,1,77.6,21.6,14.8,11.8,8.8,5.0,0.33,3.5,30.5,1.1
3,36.13004,126.59996,1,60.7,7.8,14.8,10.0,8.1,8.0,0.48,2.5,2.7,0.6
4,36.22097,126.71018,1,58.6,6.3,14.6,9.8,8.1,8.0,0.77,3.3,1.6,0.6
5,36.40195,126.81987,1,61.5,5.4,14.7,11.1,8.0,10.0,0.69,2.6,14.4,0.5
6,36.58283,126.93007,1,60.6,6.3,14.7,10.8,8.7,8.0,0.69,2.7,9.2,0.9
7,37.84474,126.9205,2,53.9,5.9,14.7,9.6,7.9,5.0,0.53,0.6,6.2,0.5
8,37.93486,126.91979,2,53.8,5.4,13.7,10.6,8.3,5.0,2.63,2.5,6.7,0.7
9,36.58331,127.04185,1,62.8,6.1,14.2,11.1,8.7,10.0,1.53,4.3,9.4,0.9
10,38.20574,127.03186,2,56.0,5.7,14.9,10.8,8.4,5.0,0.28,11.4,2.0,0.8
11,35.59196,127.15795,1,61.1,6.0,14.5,11.1,9.3,8.0,1.06,5.4,7.0,1.5
12,34.87087,127.27038,1,61.2,9.2,14.4,9.0,8.3,8.0,1.21,1.4,0.9,0.7
13,35.86272,127.26755,3,49.2,5.1,13.8,10.8,7.7,2.0,2.46,5.2,4.3,0.4
14,37.21514,127.37618,1,57.1,5.8,14.4,10.1,5.3,10.0,1.23,4.0,2.0,0.1
15,37.39542,127.37588,1,56.8,5.1,14.8,6.8,8.7,10.0,0.37,0.3,0.2,0.9
16,37.8461,127.37513,3,49.1,3.1,13.4,9.0,8.7,5.0,3.19,0.2,5.9,0.9
17,37.93623,127.37498,3,51.7,2.4,13.3,10.6,10.1,5.0,3.43,1.3,13.2,2.8
18,38.11648,127.37467,2,54.0,2.4,14.5,11.6,9.6,5.0,0.94,4.7,17.9,2.0
19,38.20661,127.37452,3,52.3,3.0,13.8,10.6,9.5,5.0,2.35,1.6,10.9,1.8
20,35.32195,127.48915,3,52.5,2.2,12.4,10.8,8.6,8.0,5.29,2.6,9.7,0.9
21,35.41212,127.48914,2,54.9,2.6,14.1,10.3,8.9,8.0,1.7,1.7,6.3,1.1
22,35.77278,127.48909,2,55.7,3.1,13.4,10.6,9.4,8.0,3.21,0.9,17.5,1.7
23,37.57576,127.48883,2,56.5,4.4,14.4,8.8,9.7,8.0,1.29,0.3,2.9,2.1
24,37.93629,127.48878,3,50.3,1.9,12.9,11.1,9.3,5.0,4.11,4.9,8.3,1.5
25,38.02642,127.48876,3,50.5,1.9,13.1,12.1,8.4,5.0,3.87,9.9,17.8,0.7
26,38.11655,127.48875,3,49.7,1.9,12.9,11.9,8.1,5.0,4.27,5.3,25.0,0.6
27,35.23174,127.59906,2,53.9,2.6,11.8,11.2,9.5,8.0,6.39,4.4,10.2,1.7
28,35.32191,127.59917,1,57.4,1.8,14.2,11.6,10.3,8.0,1.63,5.0,17.1,3.5
29,35.41208,127.59928,3,50.1,2.2,13.0,11.1,8.7,5.0,3.92,2.4,16.1,0.9
30,35.59241,127.5995,1,57.2,3.1,14.2,11.7,8.8,8.0,1.63,7.3,13.2,1.1
31,35.77274,127.59973,2,54.8,2.7,13.7,11.9,7.7,8.0,2.69,4.9,25.6,0.4
32,35.95306,127.59995,3,53.1,3.5,14.2,11.0,8.9,5.0,1.63,1.3,23.1,1.1
33,36.13338,127.60018,1,57.9,4.9,14.1,10.9,8.4,8.0,1.72,3.7,7.3,0.8
34,36.494,127.60064,3,52.0,3.7,14.6,11.4,6.9,5.0,0.73,5.5,10.8,0.2
35,36.58415,127.60076,2,55.2,2.9,14.4,11.1,7.8,8.0,1.11,3.2,11.4,0.4
36,37.21517,127.60159,1,58.7,4.9,14.4,9.3,8.3,10.0,1.1,2.5,0.9,0.7
37,37.93625,127.60258,3,52.2,2.2,14.0,10.4,10.2,5.0,2.08,2.0,6.7,3.0
38,38.02638,127.6027,3,49.4,1.8,12.0,11.3,9.5,5.0,6.07,4.1,13.3,1.8
39,38.11651,127.60283,3,46.8,2.0,12.9,11.2,6.3,5.0,4.2,2.1,22.3,0.1
40,38.29676,127.60308,3,52.1,2.9,14.7,12.2,6.9,5.0,0.65,9.4,24.4,0.2
41,35.32177,127.70919,1,57.1,2.6,13.2,11.9,10.0,8.0,3.68,6.0,20.5,2.7
42,35.59227,127.70989,2,56.2,3.3,13.3,10.9,9.4,8.0,3.38,6.8,4.2,1.6
43,35.77259,127.71036,2,55.7,3.1,12.2,12.4,8.9,8.0,5.5,13.8,21.1,1.1
44,36.67415,127.71279,2,55.4,2.2,14.5,11.7,7.9,8.0,0.97,8.9,10.1,0.5
45,36.7643,127.71304,2,54.1,3.0,14.7,10.5,7.1,8.0,0.53,3.3,4.3,0.3
46,37.6657,127.71559,2,56.6,2.9,14.6,11.5,8.3,8.0,0.88,6.6,11.0,0.7
47,37.75583,127.71585,2,55.0,3.0,14.7,8.6,9.8,8.0,0.67,0.5,1.5,2.3
48,38.02622,127.71664,3,48.0,2.2,13.1,8.2,9.9,5.0,3.76,0.0,10.1,2.5
49,38.20648,127.71717,3,50.7,2.6,13.2,12.1,7.6,5.0,3.5,6.2,30.1,0.4
50,38.2966,127.71744,3,52.6,2.9,12.9,12.8,8.6,5.0,4.29,15.0,33.9,0.9
51,36.04283,127.82209,2,54.7,3.8,13.4,11.2,7.4,8.0,3.28,5.9,7.7,0.3
52,36.58375,127.82433,1,57.0,2.3,14.3,12.6,8.4,8.0,1.47,17.6,22.5,0.7
53,36.6739,127.8247,2,56.4,2.2,14.4,12.3,8.3,8.0,1.25,16.2,16.1,0.7
54,37.21476,127.82701,1,61.2,4.4,14.5,10.8,9.2,10.0,0.95,2.7,8.2,1.5
55,37.66544,127.82897,3,51.3,2.6,13.9,11.0,8.6,5.0,2.23,2.1,14.7,0.9
56,38.02596,127.83058,3,53.2,2.9,14.5,11.5,8.7,5.0,1.09,5.4,12.9,0.9
57,34.87033,127.92687,1,62.3,9.3,14.7,11.0,9.9,5.0,0.58,2.6,11.8,2.5
58,36.04248,127.9331,1,59.5,4.4,13.8,10.2,9.2,10.0,2.33,1.5,6.2,1.4
59,36.31294,127.93459,2,54.9,4.0,15.0,11.0,9.0,5.0,0.05,6.7,5.0,1.2
60,36.49324,127.9356,1,57.5,2.9,14.1,12.0,8.9,8.0,1.82,10.8,15.2,1.1
61,36.67354,127.93661,1,60.4,2.5,14.7,12.0,9.1,10.0,0.57,17.8,8.4,1.3
62,37.66507,127.94236,2,55.1,2.7,15.0,11.0,7.4,8.0,0.07,2.1,14.9,0.3
63,37.84533,127.94343,1,60.4,2.8,14.3,11.6,9.6,10.0,1.38,6.5,13.4,1.9
64,38.11571,127.94506,2,54.7,3.0,14.5,12.0,9.3,5.0,1.03,5.4,26.8,1.5
65,38.29595,127.94616,3,53.1,3.1,13.5,12.7,8.2,5.0,2.94,9.9,43.9,0.6
66,35.77156,128.04226,3,51.7,4.7,13.4,11.7,9.6,2.0,3.27,3.5,28.3,1.9
67,36.31248,128.04599,2,55.2,4.2,13.8,9.3,8.9,8.0,2.5,5.6,0.4,1.1
68,36.58293,128.04788,1,56.9,3.2,14.8,11.3,8.2,8.0,0.37,9.2,5.4,0.6
69,37.30406,128.05307,2,56.6,2.7,13.7,10.5,10.4,8.0,2.6,4.3,3.4,3.5
70,37.39419,128.05373,1,57.9,2.7,12.5,10.9,10.2,10.0,4.98,8.9,3.1,3.1
71,37.75472,128.05641,1,59.8,2.2,13.9,11.7,10.1,10.0,2.2,4.5,21.0,2.8
72,37.84485,128.05709,1,58.9,2.3,13.7,11.1,9.9,10.0,2.56,1.6,23.4,2.5
73,38.20534,128.05982,3,52.2,2.3,13.6,12.0,8.8,5.0,2.84,3.8,40.9,1.0
74,35.77101,128.15289,3,50.3,5.6,12.8,12.0,7.9,2.0,4.36,6.5,22.3,0.5
75,36.85279,128.16198,1,58.2,3.4,13.6,11.5,10.0,8.0,2.84,8.3,9.1,2.5
76,36.94293,128.16276,3,52.3,3.9,14.1,11.8,7.0,5.0,1.72,10.2,11.5,0.3
77,37.21334,128.16511,1,57.0,3.3,14.8,9.4,10.1,8.0,0.4,0.9,2.8,2.9
78,37.39361,128.1667,2,55.8,2.4,14.1,10.9,9.3,8.0,1.83,3.2,8.1,1.6
79,37.57387,128.16831,3,48.4,2.9,14.6,4.2,9.0,8.0,0.75,0.0,0.8,1.2
80,37.664,128.16911,1,57.3,2.2,14.3,11.4,9.9,8.0,1.34,6.0,10.7,2.4
81,37.84425,128.17074,2,55.4,2.2,13.3,11.0,9.7,8.0,3.44,1.2,29.7,2.2
82,38.20474,128.17403,3,52.2,1.9,13.0,12.2,9.7,5.0,4.02,5.8,39.3,2.0
83,38.29486,128.17487,2,53.7,2.2,13.9,12.6,9.3,5.0,2.23,12.6,30.4,1.5
84,36.76197,128.27323,2,54.2,3.3,12.7,10.3,9.0,8.0,4.54,1.1,9.7,1.2
85,37.39292,128.27967,3,52.3,2.6,13.7,10.2,10.3,5.0,2.54,1.0,9.1,3.3
86,37.6633,128.28249,2,55.9,2.1,13.2,11.3,10.1,8.0,3.65,7.4,7.5,2.9
87,37.75343,128.28344,1,58.6,2.0,14.2,12.0,10.6,8.0,1.58,8.9,17.3,4.4
88,37.84355,128.28439,3,51.2,2.4,13.3,11.6,8.7,5.0,3.46,3.0,27.0,1.0
89,38.02379,128.28631,1,57.7,2.2,14.4,11.2,8.3,10.0,1.13,1.0,43.6,0.7
90,38.11391,128.28727,2,54.4,1.9,14.4,12.0,10.2,5.0,1.14,3.3,46.2,3.1
91,38.20403,128.28824,3,52.3,1.8,14.1,10.2,10.8,5.0,1.75,0.2,36.4,4.9
92,38.29415,128.28921,3,53.4,1.9,14.2,11.8,9.8,5.0,1.64,4.4,26.6,2.2
93,36.76119,128.38526,1,57.8,3.4,13.9,10.6,8.3,10.0,2.2,1.9,8.8,0.7
94,37.12173,128.38944,3,53.5,3.3,14.8,9.8,6.9,8.0,0.42,3.7,1.3,0.2
95,37.30199,128.39156,3,51.3,2.8,14.5,10.0,8.7,5.0,0.91,1.3,4.7,1.0
96,37.48225,128.3937,1,58.5,2.8,14.5,10.2,9.3,10.0,1.05,2.5,3.6,1.5
97,37.6625,128.39586,2,56.4,2.2,14.0,11.4,7.5,10.0,2.05,9.7,6.3,0.4
98,37.93286,128.39913,2,54.5,2.2,12.9,12.0,8.5,8.0,4.21,4.9,29.7,0.8
99,38.02298,128.40023,1,56.7,1.9,12.5,11.4,9.5,10.0,4.9,1.5,38.5,1.8
100,38.11309,128.40133,3,53.3,1.8,12.1,12.6,11.2,5.0,5.86,8.9,45.1,7.0
101,38.20321,128.40244,3,52.7,1.9,12.9,11.8,10.5,5.0,4.11,3.3,35.1,3.9
102,38.29332,128.40356,3,53.0,2.2,14.2,11.6,9.4,5.0,1.69,3.3,25.1,1.7
103,36.4899,128.49381,1,62.8,5.6,14.1,11.7,8.8,10.0,1.75,10.0,10.4,1.0
104,36.94057,128.49963,2,54.5,2.6,12.5,9.8,8.7,10.0,4.94,4.6,1.1,0.9
105,37.0307,128.50081,2,55.1,2.2,12.8,11.6,9.5,8.0,4.37,7.8,10.0,1.8
106,37.30109,128.50438,1,56.7,3.1,13.4,10.4,8.5,10.0,3.29,1.6,7.9,0.8
107,37.48134,128.50679,2,54.9,2.8,12.9,10.2,10.1,8.0,4.29,1.9,4.8,2.8
108,37.66158,128.50922,1,57.1,2.2,14.0,10.0,9.5,10.0,1.97,6.7,1.0,1.8
109,37.7517,128.51044,1,58.0,2.2,13.6,11.8,10.8,8.0,2.79,14.3,7.7,4.9
110,37.93193,128.51291,1,59.9,2.3,14.1,11.7,9.7,10.0,1.79,3.8,25.8,2.2
111,38.11216,128.51539,3,51.8,2.3,11.1,11.7,8.3,8.0,7.85,2.3,45.1,0.7
112,38.3825,128.51916,2,56.0,3.8,15.0,11.5,9.5,5.0,0.05,3.8,18.2,1.8
113,36.66918,128.60801,3,52.4,4.2,14.3,9.1,9.4,5.0,1.5,1.6,1.1,1.6
114,36.93958,128.61191,2,56.0,2.3,14.1,10.5,8.0,10.0,1.86,3.1,4.6,0.5
115,37.0297,128.61323,1,57.2,1.9,13.9,11.6,8.4,10.0,2.24,6.1,13.0,0.8
116,37.57044,128.62123,1,58.3,2.5,13.7,10.4,9.9,10.0,2.51,4.2,3.2,2.5
117,37.75067,128.62394,1,56.7,1.9,13.3,11.0,9.2,10.0,3.3,7.9,3.9,1.4
118,37.84079,128.62531,1,56.9,2.0,11.8,11.6,10.1,10.0,6.44,6.1,13.5,2.9
119,38.02101,128.62806,1,58.9,2.9,14.1,11.3,8.8,10.0,1.85,1.7,31.9,1.0
120,37.02859,128.72564,1,57.1,1.9,13.9,10.8,9.0,10.0,2.1,2.7,9.3,1.2
121,37.11872,128.72709,2,54.3,2.3,13.8,10.0,9.3,8.0,2.37,1.2,6.0,1.6
122,37.56931,128.73444,1,58.0,2.7,13.2,10.1,10.4,10.0,3.54,7.4,1.1,3.5
123,37.74953,128.73743,3,53.0,2.4,12.4,9.1,10.4,8.0,5.11,3.6,0.5,3.6
124,37.83965,128.73894,2,56.0,2.6,13.8,10.1,8.3,10.0,2.37,0.8,9.6,0.7
125,36.75702,128.83333,2,56.3,4.3,14.4,11.5,6.8,8.0,1.16,7.6,9.6,0.2
126,37.02738,128.83804,2,55.8,2.5,13.0,11.5,9.6,8.0,3.92,9.9,6.9,2.0
127,37.1175,128.83962,2,53.9,2.6,14.0,9.8,8.8,8.0,2.03,1.4,3.6,1.0
128,37.56807,128.84765,1,57.9,2.7,14.9,10.9,7.8,10.0,0.13,4.0,6.7,0.5
129,37.2964,128.95561,1,56.9,3.3,13.8,10.2,10.2,8.0,2.46,2.1,4.6,3.0
130,37.38651,128.95735,3,50.6,3.3,13.9,11.3,10.0,2.0,2.17,6.7,7.2,2.6
131,37.56672,128.96086,2,53.6,3.5,12.5,8.3,8.5,10.0,4.96,0.9,0.6,0.8
132,35.76295,129.03776,3,48.9,6.3,14.2,10.5,8.2,0.0,1.69,4.2,3.4,0.6
133,36.12346,129.04476,3,53.0,5.7,13.5,11.6,9.6,2.0,2.97,7.0,12.7,1.9
134,36.84441,129.05915,3,52.6,3.3,13.6,10.5,9.7,5.0,2.87,5.1,2.9,2.1
135,36.21209,129.15774,2,55.4,5.3,13.8,11.4,8.9,5.0,2.44,4.2,14.0,1.1
136,36.66267,129.16736,2,53.8,2.7,13.9,11.8,9.7,5.0,2.12,6.2,17.1,2.0
137,36.75278,129.16931,3,50.3,2.2,14.5,12.3,9.3,2.0,1.06,15.2,16.9,1.5
138,37.0231,129.1752,2,55.1,4.0,13.7,10.8,10.5,5.0,2.61,6.8,3.7,4.0
139,37.20331,129.17918,1,58.5,3.6,14.6,10.6,10.0,8.0,0.85,2.5,7.2,2.6
140,37.29341,129.18118,1,57.1,3.8,14.8,10.4,8.7,8.0,0.4,4.3,2.8,0.9
141,36.30061,129.27098,3,51.1,5.3,13.9,10.8,8.8,2.0,2.13,6.0,3.9,1.1
142,36.57094,129.27713,2,55.9,3.5,13.3,10.6,9.3,8.0,3.42,3.2,5.6,1.5
143,36.75115,129.28128,2,53.6,2.1,14.1,11.8,10.0,5.0,1.86,11.0,10.0,2.6
144,36.84126,129.28337,3,52.8,2.6,13.4,11.3,9.9,5.0,3.12,7.5,6.9,2.4
145,35.75825,129.36948,3,48.2,5.1,14.4,7.9,9.2,2.0,1.19,0.1,2.1,1.4
146,35.84836,129.37159,2,54.6,4.9,14.5,9.7,9.6,5.0,0.97,1.5,3.0,1.9
147,36.74942,129.39325,3,45.7,2.9,13.9,8.4,9.4,2.0,2.17,1.5,0.3,1.6
148,35.66637,129.4778,3,50.9,6.8,14.9,9.8,9.2,0.0,0.17,1.0,5.0,1.4
149,37.43727,130.87955,1,92.3,25.0,13.9,15.0,15.0,5.0,2.25,133.1,130.4,135.6
