측점,날짜,시작,종료,편각구간,복각구간,D_utc,I_utc,Kp,Kp_flag,관측소_D변동_분,관측소_I변동_분,관측소_F변동_nT,관측소_dB_nT,QC,dF,dD_arcmin,dI_arcmin,n_station,보간,창,상태,파일
가야,2022-09-19,16:15:00,16:40:00,16:15~16:25,16:30~16:40,2022-09-19 07:15~07:25,2022-09-19 07:30~07:40,0.667,QUIET,0.22,0.21,7.1,10.4,QUIET,23.10852363811864,-1.334028002631443,0.026995717236961793,4,plane,성분별,정상,2022.09.19.지자기야장(가야).xlsx
가야,2022-09-19,16:52:00,17:13:00,16:52~17:00,17:03~17:13,2022-09-19 07:52~08:00,2022-09-19 08:03~08:13,0.667,QUIET,0.17,0.19,3.8,5.8,QUIET,17.101680498293717,-1.3573731386551222,0.4678779373590798,4,plane,성분별,정상,2022.09.19.지자기야장(가야).xlsx
가야,2022-09-19,17:37:00,17:56:00,17:37~17:44,17:47~17:56,2022-09-19 08:37~08:44,2022-09-19 08:47~08:56,0.667,QUIET,0.23,0.13,4.5,8.4,QUIET,28.30192884609278,-2.389662523599085,-0.545466262867325,4,plane,성분별,정상,2022.09.19.지자기야장(가야).xlsx
가야,2022-09-20,11:24:00,11:49:00,11:24~11:32,11:42~11:49,2022-09-20 02:24~02:32,2022-09-20 02:42~02:49,2.0,QUIET,0.28,0.1,2.9,7.3,QUIET,36.18843033464509,-2.9939462047223726,-1.5697540587381515,4,plane,성분별,정상,2022.09.19.지자기야장(가야).xlsx
가야,2022-09-20,12:02:00,12:19:00,12:02~12:09,12:12~12:19,2022-09-20 03:02~03:09,2022-09-20 03:12~03:19,2.0,QUIET,0.11,0.07,2.3,3.4,QUIET,36.35360206494806,-2.501543168525555,-1.4979230125998455,4,plane,성분별,정상,2022.09.19.지자기야장(가야).xlsx
가야,2022-09-20,12:37:00,12:51:00,12:37~12:43,12:46~12:51,2022-09-20 03:37~03:43,2022-09-20 03:46~03:51,2.0,QUIET,0.16,0.11,3.9,5.8,QUIET,33.77064124532626,-2.414494444955083,-1.2995598176679206,4,plane,성분별,정상,2022.09.19.지자기야장(가야).xlsx
가야,2024-09-12,11:06:00,11:22:00,11:06~11:12,11:15~11:22,2024-09-12 02:06~02:12,2024-09-12 02:15~02:22,2.0,QUIET,0.3,0.36,7.4,13.0,QUIET,-23.192533652421844,-14.126825297912706,6.397419749774655,4,plane,성분별,정상,배포_지자기야장.가야(2024.09.12.측정).xlsx
가야,2024-09-12,12:00:00,12:17:00,12:00~12:06,12:10~12:17,2024-09-12 03:00~03:06,2024-09-12 03:10~03:17,3.667,DISTURBED,0.35,0.6,12.7,18.4,CAUTION,4.524518112441001,-10.308379523184461,4.966814440417813,4,plane,성분별,정상,배포_지자기야장.가야(2024.09.12.측정).xlsx
가야,2024-09-12,12:48:00,13:08:00,12:48~12:56,13:01~13:08,2024-09-12 03:48~03:56,2024-09-12 04:01~04:08,3.667,DISTURBED,1.15,0.55,26.9,39.6,CAUTION,-59.90909017688682,-10.441111148515578,9.477704661768803,4,plane,성분별,정상,배포_지자기야장.가야(2024.09.12.측정).xlsx
가야,2024-09-12,13:39:00,13:57:00,13:39~13:45,13:50~13:57,2024-09-12 04:39~04:45,2024-09-12 04:50~04:57,3.667,DISTURBED,0.14,0.74,12.4,15.6,CAUTION,-79.20481036156707,-9.633590208089604,11.389611228021769,4,plane,성분별,정상,배포_지자기야장.가야(2024.09.12.측정).xlsx
가야,2024-09-12,14:16:00,14:42:00,14:16~14:22,14:36~14:42,2024-09-12 05:16~05:22,2024-09-12 05:36~05:42,3.667,DISTURBED,0.11,0.36,4.7,12.7,CAUTION,-62.495404966502974,-8.675116267096547,10.442302953924841,4,plane,성분별,정상,배포_지자기야장.가야(2024.09.12.측정).xlsx
가야,2024-09-12,15:00:00,15:18:00,15:00~15:07,15:11~15:18,2024-09-12 06:00~06:07,2024-09-12 06:11~06:18,5.667,DISTURBED,0.41,0.8,22.0,32.9,CAUTION,-29.26962186448509,-7.681017377738844,7.304888154287912,4,plane,성분별,정상,배포_지자기야장.가야(2024.09.12.측정).xlsx
강화,2024-04-17,12:32:00,12:54:00,12:32~12:39,12:46~12:54,2024-04-17 03:32~03:39,2024-04-17 03:46~03:54,1.0,QUIET,0.08,0.11,4.7,8.1,QUIET,-725.342491295778,85.45698721649921,-33.50502419929075,3,plane,성분별,정상,배포.지자기야장(강화점)24.04.16-18.xlsx
강화,2024-04-17,13:26:00,13:48:00,13:26~13:33,13:38~13:48,2024-04-17 04:26~04:33,2024-04-17 04:38~04:48,1.0,QUIET,0.05,0.16,4.1,6.0,QUIET,-706.3995199758792,84.55639750261015,-35.118320654292035,3,plane,성분별,정상,배포.지자기야장(강화점)24.04.16-18.xlsx
강화,2024-04-17,14:21:00,14:38:00,14:21~14:27,14:32~14:38,2024-04-17 05:21~05:27,2024-04-17 05:32~05:38,1.0,QUIET,0.11,0.13,2.5,3.5,QUIET,-686.7000871241544,84.47293193136127,-36.56179767030614,3,plane,성분별,정상,배포.지자기야장(강화점)24.04.16-18.xlsx
강화,2024-04-17,15:03:00,15:55:00,15:40~15:46,15:03~15:55,2024-04-17 06:40~06:46,2024-04-17 06:03~06:55,0.667,QUIET,0.16,0.31,4.5,10.7,QUIET,-675.7195439252027,84.48802761055174,-37.24894154264712,3,plane,성분별,정상,배포.지자기야장(강화점)24.04.16-18.xlsx
강화,2024-04-17,15:07:00,15:25:00,15:07~15:14,15:18~15:25,2024-04-17 06:07~06:14,2024-04-17 06:18~06:25,0.667,QUIET,0.05,0.14,2.6,4.6,QUIET,-675.1724238594834,84.78372948688747,-37.33093477031971,3,plane,성분별,정상,배포.지자기야장(강화점)24.04.16-18.xlsx
강화,2024-04-17,16:10:00,16:27:00,16:10~16:16,16:20~16:27,2024-04-17 07:10~07:16,2024-04-17 07:20~07:27,0.667,QUIET,0.13,0.15,3.5,5.9,QUIET,-675.6610848553028,84.94891513924023,-37.02413045144728,3,plane,성분별,정상,배포.지자기야장(강화점)24.04.16-18.xlsx
거제,2019-06-18,16:10:00,16:27:00,16:10~16:15,16:20~16:27,2019-06-18 07:10~07:15,2019-06-18 07:20~07:27,0.333,QUIET,0.16,0.14,2.5,5.7,QUIET,35.779974452307215,-0.9207661190219866,-0.8136675516577916,4,plane,성분별,정상,남지.거제 지자기 야장 문서.xlsx
거제,2019-06-18,16:45:00,17:01:00,16:45~16:52,16:55~17:01,2019-06-18 07:45~07:52,2019-06-18 07:55~08:01,0.333,QUIET,0.13,0.05,1.3,3.0,QUIET,33.549794389269664,-1.550164400341575,-0.7511574945378563,4,plane,성분별,정상,남지.거제 지자기 야장 문서.xlsx
거제,2019-06-19,11:01:00,11:20:00,11:01~11:10,11:15~11:20,2019-06-19 02:01~02:10,2019-06-19 02:15~02:20,0.667,QUIET,0.43,0.06,2.0,7.0,QUIET,61.07787942248251,-5.199337502194312,-1.8780699847764022,4,plane,성분별,정상,남지.거제 지자기 야장 문서.xlsx
거제,2019-06-19,11:42:00,12:04:00,11:42~11:48,11:58~12:04,2019-06-19 02:42~02:48,2019-06-19 02:58~03:04,0.667,QUIET,0.23,0.07,1.4,7.8,QUIET,62.18468179664342,-4.320306420648559,-1.5958509946065513,4,plane,성분별,정상,남지.거제 지자기 야장 문서.xlsx
거제,2024-10-24,11:07:00,11:25:00,11:07~11:13,11:15~11:25,2024-10-24 02:07~02:13,2024-10-24 02:15~02:25,2.667,CAUTION,0.05,0.07,5.5,7.5,QUIET,56.164791672134015,-9.14942486663507,-1.3667887546534538,4,plane,성분별,정상,배포.지자기(거제)점(2024.10.24).ver24..xlsx
거제,2024-10-24,11:07:00,15:06:00,11:07~15:06,,2024-10-24 02:07~06:06,2024-10-24 02:07~06:06,4.333,DISTURBED,7.98,2.35,35.1,87.8,CAUTION,71.7199800938688,-2.36608606947026,-1.3802606958021624,4,plane,세션전체,정상,배포.지자기(거제)점(2024.10.24).ver24..xlsx
거제,2024-10-24,11:40:00,11:55:00,11:40~11:46,11:50~11:55,2024-10-24 02:40~02:46,2024-10-24 02:50~02:55,2.667,CAUTION,0.1,0.13,0.8,7.3,QUIET,65.20200595409551,-7.835247836111719,-1.1916137896204269,4,plane,성분별,정상,배포.지자기(거제)점(2024.10.24).ver24..xlsx
거제,2024-10-24,12:31:00,12:52:00,12:31~12:38,12:43~12:52,2024-10-24 03:31~03:38,2024-10-24 03:43~03:52,4.333,DISTURBED,0.31,0.42,12.3,19.2,CAUTION,80.30751900190808,-4.883248834042211,-1.1230748457747282,4,plane,성분별,정상,배포.지자기(거제)점(2024.10.24).ver24..xlsx
거제,2024-10-24,13:10:00,13:33:00,13:10~13:16,13:24~13:33,2024-10-24 04:10~04:16,2024-10-24 04:24~04:33,4.333,DISTURBED,0.31,0.15,17.0,21.3,CAUTION,83.17065439125145,-2.0418101664787187,-0.3686355550100991,4,plane,성분별,정상,배포.지자기(거제)점(2024.10.24).ver24..xlsx
거제,2024-10-24,14:07:00,14:29:00,14:07~14:15,14:20~14:29,2024-10-24 05:07~05:15,2024-10-24 05:20~05:29,4.333,DISTURBED,0.07,0.44,5.0,13.9,CAUTION,63.49179576854658,-0.4437733444405417,-1.1209467849274681,4,plane,성분별,정상,배포.지자기(거제)점(2024.10.24).ver24..xlsx
거제,2024-10-24,15:00:00,15:16:00,15:00~15:06,15:10~15:16,2024-10-24 06:00~06:06,2024-10-24 06:10~06:16,3.333,DISTURBED,0.28,0.07,5.4,7.1,CAUTION,61.181803205021424,-0.927925031592444,-1.614424546139241,4,plane,성분별,정상,배포.지자기(거제)점(2024.10.24).ver24..xlsx
경주,2020-11-17,13:24:00,13:45:00,13:24~13:30,13:35~13:45,,,,미상,,,,,미상,,,,0,-,-,측점 좌표 없음,배포.지자기야장.20.11.17_경주.xlsx
경주,2020-11-17,14:02:00,14:19:00,14:02~14:06,14:12~14:19,,,,미상,,,,,미상,,,,0,-,-,측점 좌표 없음,배포.지자기야장.20.11.17_경주.xlsx
경주,2020-11-17,14:35:00,14:50:00,14:35~14:39,14:43~14:50,,,,미상,,,,,미상,,,,0,-,-,측점 좌표 없음,배포.지자기야장.20.11.17_경주.xlsx
경주,2020-11-18,10:20:00,10:35:00,10:20~10:25,10:29~10:35,,,,미상,,,,,미상,,,,0,-,-,측점 좌표 없음,배포.지자기야장.20.11.17_경주.xlsx
경주,2020-11-18,10:55:00,11:10:00,10:55~10:59,11:05~11:10,,,,미상,,,,,미상,,,,0,-,-,측점 좌표 없음,배포.지자기야장.20.11.17_경주.xlsx
경주,2020-11-18,11:30:00,11:47:00,11:30~11:34,11:38~11:47,,,,미상,,,,,미상,,,,0,-,-,측점 좌표 없음,배포.지자기야장.20.11.17_경주.xlsx
남지,2019-06-24,15:41:00,16:02:00,15:41~15:46,15:55~16:02,2019-06-24 06:41~06:46,2019-06-24 06:55~07:02,0.333,QUIET,0.05,0.19,3.5,4.5,QUIET,28.908469876638264,-1.936761676254038,-0.050706903974543985,4,plane,성분별,정상,남지.거제 지자기 야장 문서.xlsx
남지,2019-06-25,09:45:00,10:02:00,09:45~09:51,09:55~10:02,2019-06-25 00:45~00:51,2019-06-25 00:55~01:02,0.667,QUIET,0.07,0.04,1.3,2.1,QUIET,47.19693878442922,-4.6287073530029,-1.6240344573051624,4,plane,성분별,정상,남지.거제 지자기 야장 문서.xlsx
남지,2019-06-25,10:39:00,10:52:00,10:39~10:43,10:47~10:52,2019-06-25 01:39~01:43,2019-06-25 01:47~01:52,0.667,QUIET,0.2,0.07,1.5,4.3,QUIET,42.02982447222166,-4.1392286315255085,-1.0953041062601325,4,plane,성분별,정상,남지.거제 지자기 야장 문서.xlsx
미원,2019-05-14,13:24:00,13:49:00,13:24~13:37,13:42~13:49,2019-05-14 04:24~04:37,2019-05-14 04:42~04:49,5.667,DISTURBED,0.19,0.43,16.1,24.4,CAUTION,1.5183038362010848,-3.373274654380253,1.1811313609604859,4,plane,성분별,정상,2019.5.14~17.미원 야장기록.xlsx
미원,2019-05-14,14:20:00,14:42:00,14:20~14:28,14:33~14:42,2019-05-14 05:20~05:28,2019-05-14 05:33~05:42,5.667,DISTURBED,0.15,0.25,9.4,18.2,CAUTION,-13.607341627895948,-4.087088334082868,2.400594647706919,4,plane,성분별,정상,2019.5.14~17.미원 야장기록.xlsx
미원,2019-05-15,10:30:00,10:49:00,10:30~10:38,10:42~10:49,2019-05-15 01:30~01:38,2019-05-15 01:42~01:49,0.667,QUIET,0.23,0.07,3.2,7.3,QUIET,0.10405408362566959,-2.3024753411808736,0.08822934219998926,4,plane,성분별,정상,2019.5.14~17.미원 야장기록.xlsx
미원,2019-05-15,11:11:00,11:28:00,11:11~11:17,11:21~11:28,2019-05-15 02:11~02:17,2019-05-15 02:21~02:28,0.667,QUIET,0.04,0.1,1.1,4.0,QUIET,2.7697492111619795,-2.5273302190586913,-0.07905979474483056,4,plane,성분별,정상,2019.5.14~17.미원 야장기록.xlsx
미원,2019-05-15,11:59:00,12:14:00,11:59~12:05,12:07~12:14,2019-05-15 02:59~03:05,2019-05-15 03:07~03:14,1.667,QUIET,0.1,0.06,2.8,3.3,QUIET,5.093970156907744,-2.6107341285391326,-0.35113450073422325,4,plane,성분별,정상,2019.5.14~17.미원 야장기록.xlsx
미원,2024-05-01,11:40:00,12:02:00,11:40~11:46,11:52~12:02,2024-05-01 02:40~02:46,2024-05-01 02:52~03:02,3.667,DISTURBED,0.25,0.71,9.8,20.1,CAUTION,7.065404238528572,-2.2861035671396364,-0.7903444266716274,4,plane,성분별,정상,배포_지자기야장.미원점(24.5.1).ver24.xlsx
미원,2024-05-01,12:20:00,12:40:00,12:20~12:26,12:33~12:40,2024-05-01 03:20~03:26,2024-05-01 03:33~03:40,2.0,QUIET,0.22,0.12,4.6,9.8,QUIET,9.855710104391619,-2.9506894321017203,-0.8934400794027612,4,plane,성분별,정상,배포_지자기야장.미원점(24.5.1).ver24.xlsx
미원,2024-05-01,13:02:00,13:29:00,13:02~13:11,13:21~13:29,2024-05-01 04:02~04:11,2024-05-01 04:21~04:29,2.0,QUIET,0.42,0.04,4.0,10.6,QUIET,12.771113003014761,-3.314039975300511,-1.0180058607334246,4,plane,성분별,정상,배포_지자기야장.미원점(24.5.1).ver24.xlsx
미원,2024-05-01,13:51:00,14:13:00,13:51~14:00,14:06~14:13,2024-05-01 04:51~05:00,2024-05-01 05:06~05:13,2.0,QUIET,0.05,0.13,4.1,4.8,QUIET,15.70274218472332,-3.5204813136199467,-1.0711880548954067,4,plane,성분별,정상,배포_지자기야장.미원점(24.5.1).ver24.xlsx
미원,2024-05-01,14:33:00,14:52:00,14:33~14:40,14:45~14:52,2024-05-01 05:33~05:40,2024-05-01 05:45~05:52,2.0,QUIET,0.12,0.16,7.1,12.8,QUIET,18.04049486193253,-3.4198795857957527,-1.1101612471036622,4,plane,성분별,정상,배포_지자기야장.미원점(24.5.1).ver24.xlsx
미원,2024-05-01,15:14:00,15:35:00,15:14~15:20,15:29~15:35,2024-05-01 06:14~06:20,2024-05-01 06:29~06:35,1.667,QUIET,0.12,0.1,7.4,13.3,QUIET,21.431671902937524,-2.947900214217933,-1.3089199327312167,4,plane,성분별,정상,배포_지자기야장.미원점(24.5.1).ver24.xlsx
부안,2020-09-15,12:40:00,13:10:00,12:40~12:47,13:01~13:10,,,,미상,,,,,미상,,,,0,-,-,측점 좌표 없음,2020.09.15_부안_지자기야장.xlsx
부안,2020-09-15,12:40:00,12:47:00,12:40~12:47,,,,,미상,,,,,미상,,,,0,-,-,측점 좌표 없음,2020.09.15_부안_지자기야장.xlsx
부안,2020-11-03,11:11:00,11:33:00,11:11~11:17,11:26~11:33,,,,미상,,,,,미상,,,,0,-,-,측점 좌표 없음,배포.20.11.03_부안_야장(6).xlsx
부안,2020-11-03,11:45:00,12:03:00,11:45~11:51,11:55~12:03,,,,미상,,,,,미상,,,,0,-,-,측점 좌표 없음,배포.20.11.03_부안_야장(6).xlsx
부안,2020-11-03,12:15:00,12:30:00,12:15~12:19,12:23~12:30,,,,미상,,,,,미상,,,,0,-,-,측점 좌표 없음,배포.20.11.03_부안_야장(6).xlsx
부안,2020-11-03,13:02:00,13:20:00,13:02~13:10,13:14~13:20,,,,미상,,,,,미상,,,,0,-,-,측점 좌표 없음,배포.20.11.03_부안_야장(6).xlsx
부안,2020-11-03,13:30:00,13:47:00,13:30~13:36,13:40~13:47,,,,미상,,,,,미상,,,,0,-,-,측점 좌표 없음,배포.20.11.03_부안_야장(6).xlsx
부안,2020-11-03,14:00:00,14:18:00,14:00~14:06,14:10~14:18,,,,미상,,,,,미상,,,,0,-,-,측점 좌표 없음,배포.20.11.03_부안_야장(6).xlsx
부안,2023-11-01,11:36:00,12:01:00,11:36~11:45,11:53~12:01,,,,미상,,,,,미상,,,,0,-,-,측점 좌표 없음,배포.부안.지자기야장.23.10.31.xlsx
부안,2023-11-01,12:15:00,12:31:00,12:15~12:21,12:25~12:31,,,,미상,,,,,미상,,,,0,-,-,측점 좌표 없음,배포.부안.지자기야장.23.10.31.xlsx
부안,2023-11-01,13:03:00,13:22:00,13:03~13:10,13:15~13:22,,,,미상,,,,,미상,,,,0,-,-,측점 좌표 없음,배포.부안.지자기야장.23.10.31.xlsx
부안,2023-11-01,13:40:00,13:56:00,13:40~13:45,13:49~13:56,,,,미상,,,,,미상,,,,0,-,-,측점 좌표 없음,배포.부안.지자기야장.23.10.31.xlsx
부안,2023-11-01,14:15:00,14:35:00,14:15~14:22,14:28~14:35,,,,미상,,,,,미상,,,,0,-,-,측점 좌표 없음,배포.부안.지자기야장.23.10.31.xlsx
부안,2023-11-01,14:40:00,14:58:00,14:40~14:47,14:50~14:58,,,,미상,,,,,미상,,,,0,-,-,측점 좌표 없음,배포.부안.지자기야장.23.10.31.xlsx
부안,2025-11-04,11:26:00,11:55:00,11:26~11:32,11:49~11:55,,,,미상,,,,,미상,,,,0,-,-,측점 좌표 없음,배포.지자기야장(25.11.4).부안점.xlsx
부안,2025-11-04,12:27:00,12:44:00,12:27~12:33,12:38~12:44,,,,미상,,,,,미상,,,,0,-,-,측점 좌표 없음,배포.지자기야장(25.11.4).부안점.xlsx
부안,2025-11-04,13:19:00,13:34:00,13:19~13:24,13:29~13:34,,,,미상,,,,,미상,,,,0,-,-,측점 좌표 없음,배포.지자기야장(25.11.4).부안점.xlsx
부안,2025-11-04,13:59:00,14:21:00,13:59~14:06,14:15~14:21,,,,미상,,,,,미상,,,,0,-,-,측점 좌표 없음,배포.지자기야장(25.11.4).부안점.xlsx
부안,2025-11-04,14:50:00,15:07:00,14:50~14:55,15:02~15:07,,,,미상,,,,,미상,,,,0,-,-,측점 좌표 없음,배포.지자기야장(25.11.4).부안점.xlsx
부안,2025-11-04,15:26:00,15:43:00,15:26~15:31,15:36~15:43,,,,미상,,,,,미상,,,,0,-,-,측점 좌표 없음,배포.지자기야장(25.11.4).부안점.xlsx
상주,2020-10-27,16:26:00,16:45:00,16:26~16:32,16:38~16:45,2020-10-27 07:26~07:32,2020-10-27 07:38~07:45,3.333,DISTURBED,0.03,0.04,1.5,2.2,CAUTION,4.787275737129676,-1.4756731650987571,-0.1781798182271967,3,plane,성분별,정상,배포.20.10.27_상주_야장(6).xlsx
상주,2020-10-27,17:02:00,17:25:00,17:02~17:10,17:15~17:25,2020-10-27 08:02~08:10,2020-10-27 08:15~08:25,3.333,DISTURBED,0.05,0.1,2.1,3.1,CAUTION,5.569540917094855,-1.3175671360779568,-0.28160438202982113,3,plane,성분별,정상,배포.20.10.27_상주_야장(6).xlsx
상주,2020-10-27,17:30:00,17:46:00,17:30~17:36,17:40~17:46,2020-10-27 08:30~08:36,2020-10-27 08:40~08:46,3.333,DISTURBED,0.06,0.02,2.6,3.3,CAUTION,4.2742170658675604,-1.4295179461727532,-0.1306645741305987,3,plane,성분별,정상,배포.20.10.27_상주_야장(6).xlsx
상주,2020-10-28,10:57:00,11:16:00,10:57~11:04,11:09~11:16,2020-10-28 01:57~02:04,2020-10-28 02:09~02:16,1.667,QUIET,0.4,0.08,2.6,3.9,QUIET,-5.961301105460734,-2.1149372759519287,0.5939090915533608,4,plane,성분별,정상,배포.20.10.27_상주_야장(6).xlsx
상주,2020-10-28,11:33:00,11:53:00,11:33~11:40,11:43~11:53,2020-10-28 02:33~02:40,2020-10-28 02:43~02:53,1.667,QUIET,0.29,0.17,4.0,7.3,QUIET,-6.796803731696855,-1.7011635273915895,0.781536569399636,4,plane,성분별,정상,배포.20.10.27_상주_야장(6).xlsx
상주,2020-10-28,12:10:00,12:27:00,12:10~12:16,12:20~12:27,2020-10-28 03:10~03:16,2020-10-28 03:20~03:27,2.667,CAUTION,0.32,0.07,3.1,5.4,QUIET,-9.530013366602361,-1.7200557672881074,1.0302153995025498,4,plane,성분별,정상,배포.20.10.27_상주_야장(6).xlsx
상주,2023-10-11,11:51:00,12:11:00,11:51~11:57,12:02~12:11,2023-10-11 02:51~02:57,2023-10-11 03:02~03:11,0.667,QUIET,0.25,0.05,2.4,8.0,QUIET,-69.61209596060507,7.900427790539272,0.3815745687349989,3,plane,성분별,정상,상주.지자기야장.23.10.11.xlsx
상주,2023-10-11,12:26:00,12:45:00,12:26~12:31,12:38~12:45,2023-10-11 03:26~03:31,2023-10-11 03:38~03:45,0.667,QUIET,0.22,0.03,1.5,7.7,QUIET,-62.53059880287765,4.381292961381272,-0.43458514539965387,3,plane,성분별,정상,상주.지자기야장.23.10.11.xlsx
상주,2023-10-11,13:15:00,13:34:00,13:15~13:23,13:28~13:34,2023-10-11 04:15~04:23,2023-10-11 04:28~04:34,0.667,QUIET,0.21,0.09,3.5,7.7,QUIET,-55.61180162904202,-0.5323257264639302,-1.3342127617113277,3,plane,성분별,정상,상주.지자기야장.23.10.11.xlsx
상주,2023-10-11,14:04:00,14:24:00,14:04~14:11,14:16~14:24,2023-10-11 05:04~05:11,2023-10-11 05:16~05:24,0.667,QUIET,0.16,0.04,3.0,3.5,QUIET,-39.05214799776877,-4.129380076899402,-2.253442197787942,3,plane,성분별,정상,상주.지자기야장.23.10.11.xlsx
상주,2023-10-11,14:40:00,14:56:00,14:40~14:47,14:50~14:56,2023-10-11 05:40~05:47,2023-10-11 05:50~05:56,0.667,QUIET,0.08,0.09,3.0,3.8,QUIET,-22.243258693401003,-4.794038796657641,-2.611087370248613,3,plane,성분별,정상,상주.지자기야장.23.10.11.xlsx
상주,2023-10-11,15:10:00,15:24:00,15:10~15:15,15:18~15:24,2023-10-11 06:10~06:15,2023-10-11 06:18~06:24,0.667,QUIET,0.03,0.04,1.5,2.0,QUIET,-13.447015380974335,-4.736300987519277,-2.63310386612521,3,plane,성분별,정상,상주.지자기야장.23.10.11.xlsx
상주,2025-09-24,10:30:00,10:51:00,10:30~10:35,10:45~10:51,2025-09-24 01:30~01:35,2025-09-24 01:45~01:51,1.667,QUIET,0.08,0.02,1.6,2.8,QUIET,23.524502849315468,-2.3956367054128687,-0.9864843119544824,2,idw,성분별,정상,배포.지자기야장(25.9.25).상주점.ver.xlsx
상주,2025-09-24,11:04:00,11:19:00,11:04~11:09,11:13~11:19,2025-09-24 02:04~02:09,2025-09-24 02:13~02:19,1.667,QUIET,0.07,0.11,1.6,2.7,QUIET,22.933870771041256,-2.5361780611302382,-0.8613252674717432,2,idw,성분별,정상,배포.지자기야장(25.9.25).상주점.ver.xlsx
상주,2025-09-24,11:44:00,12:02:00,11:44~11:50,11:56~12:02,2025-09-24 02:44~02:50,2025-09-24 02:56~03:02,1.667,QUIET,0.05,0.12,6.2,8.7,QUIET,20.656212571637298,-2.1850921746037297,-0.5318689512123812,2,idw,성분별,정상,배포.지자기야장(25.9.25).상주점.ver.xlsx
상주,2025-09-24,12:36:00,12:53:00,12:36~12:42,12:47~12:53,2025-09-24 03:36~03:42,2025-09-24 03:47~03:53,1.333,QUIET,0.03,0.16,4.0,5.3,QUIET,20.956466389470734,-2.6842602678358762,-0.6565672878524605,2,idw,성분별,정상,배포.지자기야장(25.9.25).상주점.ver.xlsx
상주,2025-09-24,13:34:00,13:49:00,13:34~13:39,13:43~13:49,2025-09-24 04:34~04:39,2025-09-24 04:43~04:49,1.333,QUIET,0.32,0.14,6.9,11.1,QUIET,31.17192341939517,-1.3123332495871036,-1.525029551968644,2,idw,성분별,정상,배포.지자기야장(25.9.25).상주점.ver.xlsx
상주,2025-09-24,14:32:00,14:46:00,14:32~14:36,14:41~14:46,2025-09-24 05:32~05:36,2025-09-24 05:41~05:46,1.333,QUIET,0.24,0.1,5.2,8.3,QUIET,25.28173124535533,-1.8943400162758728,-1.1113544906656387,2,idw,성분별,정상,배포.지자기야장(25.9.25).상주점.ver.xlsx
성산,2023-04-12,10:38:00,11:03:00,10:38~10:48,10:55~11:03,2023-04-12 01:38~01:48,2023-04-12 01:55~02:03,0.0,QUIET,0.27,0.08,8.6,10.7,QUIET,41.24506542277959,-5.572889882462245,-1.7693292315840843,4,plane,성분별,정상,성산.지자기야장.23.04.12(text).xlsx
성산,2023-04-12,11:29:00,11:56:00,11:29~11:33,11:50~11:56,2023-04-12 02:29~02:33,2023-04-12 02:50~02:56,0.0,QUIET,0.22,0.13,1.4,16.0,QUIET,42.71955548026017,-5.171305463991547,-1.4238779673426791,4,plane,성분별,정상,성산.지자기야장.23.04.12(text).xlsx
성산,2023-04-12,11:38:00,12:03:00,11:38~11:48,11:55~12:03,2023-04-12 02:38~02:48,2023-04-12 02:55~03:03,0.0,QUIET,0.63,0.21,1.3,15.9,QUIET,42.895749924682605,-4.977002399214272,-1.3979366853894286,4,plane,성분별,정상,성산.지자기야장.23.04.12.xlsx
성산,2023-04-12,12:29:00,12:56:00,12:29~12:33,12:50~12:56,2023-04-12 03:29~03:33,2023-04-12 03:50~03:56,0.0,QUIET,0.19,0.17,5.9,15.8,QUIET,44.060873338370584,-3.8557129996255948,-1.1791558987413666,4,plane,성분별,정상,성산.지자기야장.23.04.12.xlsx
성산,2023-04-12,13:11:00,13:40:00,13:11~13:17,13:32~13:40,2023-04-12 04:11~04:17,2023-04-12 04:32~04:40,0.0,QUIET,0.26,0.14,8.4,13.8,QUIET,37.37043637099123,-3.254684557038554,-0.9119388646479102,4,plane,성분별,정상,성산.지자기야장.23.04.12.xlsx
성산,2023-04-12,13:12:00,13:40:00,13:12~13:17,13:32~13:40,2023-04-12 04:12~04:17,2023-04-12 04:32~04:40,0.0,QUIET,0.22,0.14,8.2,13.4,QUIET,37.345895381848095,-3.242155979204411,-0.9119388646479102,4,plane,성분별,정상,성산.지자기야장.23.04.12(text).xlsx
성산,2023-04-12,13:58:00,14:24:00,13:58~14:06,14:13~14:24,2023-04-12 04:58~05:06,2023-04-12 05:13~05:24,0.0,QUIET,0.18,0.22,6.5,7.2,QUIET,34.712941486817726,-2.8470308399065107,-0.5492249495970686,4,plane,성분별,정상,성산.지자기야장.23.04.12.xlsx
성산,2023-04-12,14:37:00,15:03:00,14:37~14:44,14:54~15:03,2023-04-12 05:37~05:44,2023-04-12 05:54~06:03,1.0,QUIET,0.13,0.09,3.9,5.0,QUIET,33.99010445034946,-2.7710552551107686,-0.672939022179002,4,plane,성분별,정상,성산.지자기야장.23.04.12.xlsx
성산,2023-04-12,14:58:00,15:24:00,14:58~15:06,15:13~15:24,2023-04-12 05:58~06:06,2023-04-12 06:13~06:24,1.0,QUIET,0.1,0.11,3.3,6.1,QUIET,30.083584391257318,-2.687797929166547,-0.5382537352427241,4,plane,성분별,정상,성산.지자기야장.23.04.12(text).xlsx
성산,2023-04-12,15:14:00,15:37:00,15:14~15:23,15:28~15:37,2023-04-12 06:14~06:23,2023-04-12 06:28~06:37,1.0,QUIET,0.15,0.06,2.8,4.5,QUIET,28.07784103236918,-2.9183952858905555,-0.3937616635931805,4,plane,성분별,정상,성산.지자기야장.23.04.12.xlsx
성산,2023-04-12,15:37:00,16:03:00,15:37~15:44,15:54~16:03,2023-04-12 06:37~06:44,2023-04-12 06:54~07:03,1.0,QUIET,0.12,0.19,4.5,6.6,QUIET,26.98013216113759,-3.2547557793241184,-0.5394665585561814,4,plane,성분별,정상,성산.지자기야장.23.04.12(text).xlsx
성산,2023-04-12,16:14:00,16:37:00,16:14~16:23,16:28~16:37,2023-04-12 07:14~07:23,2023-04-12 07:28~07:37,1.0,QUIET,0.17,0.11,1.7,6.7,QUIET,31.306908669837867,-3.1644227407144867,-0.8258568505346457,4,plane,성분별,정상,성산.지자기야장.23.04.12(text).xlsx
성산,2025-05-15,11:28:00,11:44:00,11:28~11:35,11:37~11:44,2025-05-15 02:28~02:35,2025-05-15 02:37~02:44,3.333,DISTURBED,0.27,0.19,3.6,9.4,CAUTION,38.009367345424835,-0.892100011794614,0.09801429628131791,4,plane,성분별,정상,배포.지자기야장(25.05.15.0.~).성산점.xlsx
성산,2025-05-15,11:28:00,14:40:00,11:28~14:40,,2025-05-15 02:28~05:40,2025-05-15 02:28~05:40,3.667,DISTURBED,3.64,2.48,35.1,61.1,CAUTION,37.241274810199684,-0.5860904207726445,0.3320030403833617,4,plane,세션전체,정상,배포.지자기야장(25.05.15.0.~).성산점.xlsx
성산,2025-05-15,12:02:00,12:17:00,12:02~12:08,12:12~12:17,2025-05-15 03:02~03:08,2025-05-15 03:12~03:17,3.667,DISTURBED,0.27,0.17,5.2,10.7,CAUTION,42.73103217596508,-1.0082611413387685,-0.005094708530451311,4,plane,성분별,정상,배포.지자기야장(25.05.15.0.~).성산점.xlsx
성산,2025-05-15,12:36:00,12:51:00,12:36~12:42,12:45~12:51,2025-05-15 03:36~03:42,2025-05-15 03:45~03:51,3.667,DISTURBED,0.16,0.13,1.7,3.2,CAUTION,39.89837516732223,-0.3820547061113828,0.12921822478944656,4,plane,성분별,정상,배포.지자기야장(25.05.15.0.~).성산점.xlsx
성산,2025-05-15,13:26:00,13:40:00,13:26~13:30,13:35~13:40,2025-05-15 04:26~04:30,2025-05-15 04:35~04:40,3.667,DISTURBED,0.07,0.11,1.5,3.1,CAUTION,34.974680025821726,-0.6007734592418655,0.48576490256934823,4,plane,성분별,정상,배포.지자기야장(25.05.15.0.~).성산점.xlsx
성산,2025-05-15,13:58:00,14:12:00,13:58~14:03,14:07~14:12,2025-05-15 04:58~05:03,2025-05-15 05:07~05:12,3.667,DISTURBED,0.05,0.06,2.6,3.2,CAUTION,35.01827293258248,-0.5485226309577883,0.4160085890961965,4,plane,성분별,정상,배포.지자기야장(25.05.15.0.~).성산점.xlsx
성산,2025-05-15,14:35:00,14:49:00,14:35~14:40,14:44~14:49,2025-05-15 05:35~05:40,2025-05-15 05:44~05:49,3.667,DISTURBED,0.18,0.18,8.5,11.6,CAUTION,31.44295739402878,-0.6354835018228162,0.72371839440191,4,plane,성분별,정상,배포.지자기야장(25.05.15.0.~).성산점.xlsx
순천,2020-10-13,12:38:00,13:12:00,12:38~12:48,13:05~13:12,2020-10-13 03:38~03:48,2020-10-13 04:05~04:12,0.667,QUIET,0.15,0.05,1.5,5.1,QUIET,14.147030257605365,-1.4313805823834915,-1.3128398289584744,4,plane,성분별,정상,배포.지자기야장(20.10.13순천).xlsx
순천,2020-11-04,11:27:00,11:59:00,11:27~11:33,11:49~11:59,2020-11-04 02:27~02:33,2020-11-04 02:49~02:59,0.667,QUIET,0.04,0.06,3.2,8.4,QUIET,27.261413745705795,-6.333840870921607,-0.49563975138090666,3,plane,성분별,정상,배포.20.11.04_순천_야장(6).xlsx
순천,2020-11-04,12:30:00,12:57:00,12:30~12:41,12:44~12:57,2020-11-04 03:30~03:41,2020-11-04 03:44~03:57,0.333,QUIET,0.53,0.14,2.1,11.1,QUIET,37.49562934497226,-3.9472693949413244,-0.1866582050071861,3,plane,성분별,정상,배포.20.11.04_순천_야장(6).xlsx
순천,2020-11-04,13:22:00,13:41:00,13:22~13:27,13:34~13:41,2020-11-04 04:22~04:27,2020-11-04 04:34~04:41,0.333,QUIET,0.16,0.03,1.4,4.5,QUIET,34.68843172994093,-1.3055676415973911,-0.1995519814372115,3,plane,성분별,정상,배포.20.11.04_순천_야장(6).xlsx
순천,2020-11-04,14:03:00,14:20:00,14:03~14:09,14:13~14:20,2020-11-04 05:03~05:09,2020-11-04 05:13~05:20,0.333,QUIET,0.01,0.04,1.8,2.2,QUIET,30.382081748066412,-0.27919212840268204,-0.27115790093804415,3,plane,성분별,정상,배포.20.11.04_순천_야장(6).xlsx
순천,2020-11-04,15:05:00,15:23:00,15:05~15:11,15:15~15:23,2020-11-04 06:05~06:11,2020-11-04 06:15~06:23,0.333,QUIET,0.06,0.04,1.8,2.8,QUIET,21.474472997047997,-0.09445463373617949,-0.6633499928811036,3,plane,성분별,정상,배포.20.11.04_순천_야장(6).xlsx
순천,2020-11-04,15:41:00,15:59:00,15:41~15:48,15:52~15:59,2020-11-04 06:41~06:48,2020-11-04 06:52~06:59,0.333,QUIET,0.11,0.03,2.7,3.9,QUIET,16.0209333792518,-0.7228745141859655,-0.7032983141549068,3,plane,성분별,정상,배포.20.11.04_순천_야장(6).xlsx
순천,2023-04-26,11:19:00,11:36:00,11:19~11:25,11:28~11:36,2023-04-26 02:19~02:25,2023-04-26 02:28~02:36,2.667,CAUTION,0.21,0.17,4.2,7.9,QUIET,25.969034200315946,-3.9398675005439903,0.5492584748863384,4,plane,성분별,정상,배포.순천.지자기야장.23.xlsx
순천,2023-04-26,11:19:00,15:06:00,11:19~15:06,,2023-04-26 02:19~06:06,2023-04-26 02:19~06:06,3.333,DISTURBED,3.89,2.12,39.8,60.4,CAUTION,24.849180009805423,-3.632580523395839,0.7088741916254498,4,plane,세션전체,정상,배포.순천.지자기야장.23.xlsx
순천,2023-04-26,12:11:00,12:31:00,12:11~12:17,12:23~12:31,2023-04-26 03:11~03:17,2023-04-26 03:23~03:31,3.333,DISTURBED,0.29,0.17,11.1,16.0,CAUTION,46.53025844095828,-1.1809185834608298,-0.8980357867897766,4,plane,성분별,정상,배포.순천.지자기야장.23.xlsx
순천,2023-04-26,12:52:00,13:10:00,12:52~12:58,13:02~13:10,2023-04-26 03:52~03:58,2023-04-26 04:02~04:10,3.333,DISTURBED,0.34,0.19,4.6,7.4,CAUTION,28.929346714423446,-2.24361897595641,0.3946739425554262,4,plane,성분별,정상,배포.순천.지자기야장.23.xlsx
순천,2023-04-26,13:41:00,14:03:00,13:41~13:50,13:55~14:03,2023-04-26 04:41~04:50,2023-04-26 04:55~05:03,3.333,DISTURBED,0.13,0.09,7.6,9.6,CAUTION,20.783922423994227,-3.7734106966593135,0.9388783908302829,4,plane,성분별,정상,배포.순천.지자기야장.23.xlsx
순천,2023-04-26,14:30:00,14:45:00,14:30~14:37,14:39~14:45,2023-04-26 05:30~05:37,2023-04-26 05:39~05:45,3.333,DISTURBED,0.22,0.07,3.6,5.8,CAUTION,21.654268529287947,-3.908612050384929,0.9858580062297378,4,plane,성분별,정상,배포.순천.지자기야장.23.xlsx
순천,2023-04-26,15:00:00,15:15:00,15:00~15:06,15:09~15:15,2023-04-26 06:00~06:06,2023-04-26 06:09~06:15,2.0,QUIET,0.08,0.3,4.8,6.7,QUIET,22.729788551063393,-3.6642028133690956,0.7477109505408852,4,plane,성분별,정상,배포.순천.지자기야장.23.xlsx
순천,2025-04-02,11:43:00,12:02:00,11:43~11:46,11:55~12:02,2025-04-02 02:43~02:46,2025-04-02 02:55~03:02,3.667,DISTURBED,0.12,0.4,6.7,13.1,CAUTION,8.296245068129792,-3.113126932897938,1.6916301902106599,4,plane,성분별,정상,배포.지자기야장(순천).250402ver.xlsx
순천,2025-04-02,11:43:00,16:03:00,11:43~16:03,,2025-04-02 02:43~07:03,2025-04-02 02:43~07:03,3.667,DISTURBED,6.1,2.35,40.2,77.6,DISTURBED,27.54235503806558,-2.254567405905339,-0.015355975397526232,4,plane,세션전체,정상,배포.지자기야장(순천).250402ver.xlsx
순천,2025-04-02,12:24:00,12:42:00,12:24~12:30,12:35~12:42,2025-04-02 03:24~03:30,2025-04-02 03:35~03:42,3.333,DISTURBED,0.3,0.15,5.9,10.5,CAUTION,10.152634133875836,-3.4982651529029862,1.4496586423396152,4,plane,성분별,정상,배포.지자기야장(순천).250402ver.xlsx
순천,2025-04-02,13:19:00,13:42:00,13:19~13:26,13:35~13:42,2025-04-02 04:19~04:26,2025-04-02 04:35~04:42,3.333,DISTURBED,0.6,0.53,12.0,22.6,CAUTION,23.578590518001874,-2.451619946035325,0.195934376556267,4,plane,성분별,정상,배포.지자기야장(순천).250402ver.xlsx
순천,2025-04-02,14:23:00,14:40:00,14:23~14:29,14:33~14:40,2025-04-02 05:23~05:29,2025-04-02 05:33~05:40,3.333,DISTURBED,0.12,0.31,4.2,11.7,CAUTION,27.424791859804827,-2.1106894106124567,-0.09076718790635559,4,plane,성분별,정상,배포.지자기야장(순천).250402ver.xlsx
순천,2025-04-02,15:09:00,15:25:00,15:09~15:15,15:19~15:25,2025-04-02 06:09~06:15,2025-04-02 06:19~06:25,3.333,DISTURBED,0.2,0.14,4.4,7.0,CAUTION,24.883191760825866,-2.110013405846706,-0.14694071609130463,4,plane,성분별,정상,배포.지자기야장(순천).250402ver.xlsx
순천,2025-04-02,15:58:00,16:13:00,15:58~16:03,16:06~16:13,2025-04-02 06:58~07:03,2025-04-02 07:06~07:13,3.333,DISTURBED,0.15,0.13,3.0,5.8,CAUTION,27.577368113365083,-2.706101710928504,-0.39340660082696516,4,plane,성분별,정상,배포.지자기야장(순천).250402ver.xlsx
양산,2024-10-17,11:58:00,12:22:00,11:58~12:06,12:16~12:22,2024-10-17 02:58~03:06,2024-10-17 03:16~03:22,3.0,CAUTION,0.44,0.06,1.9,10.7,QUIET,76.68150212796172,-5.235679873560246,-3.283634936264708,4,plane,성분별,정상,배포.지자기야장(양산).24.10.17.ver24.1.xlsx
양산,2024-10-17,12:30:00,12:45:00,12:30~12:36,12:39~12:45,2024-10-17 03:30~03:36,2024-10-17 03:39~03:45,3.0,CAUTION,0.26,0.07,2.5,6.6,QUIET,77.34258920016873,-3.813179547402587,-3.000283787980225,4,plane,성분별,정상,배포.지자기야장(양산).24.10.17.ver24.1.xlsx
양산,2024-10-17,13:21:00,13:41:00,13:21~13:27,13:33~13:41,2024-10-17 04:21~04:27,2024-10-17 04:33~04:41,3.0,CAUTION,0.27,0.08,3.3,7.1,QUIET,64.14916170117067,-1.410883107926106,-2.1875546041047995,4,plane,성분별,정상,배포.지자기야장(양산).24.10.17.ver24.1.xlsx
양산,2024-10-17,14:00:00,14:15:00,14:00~14:06,14:10~14:15,2024-10-17 05:00~05:06,2024-10-17 05:10~05:15,3.0,CAUTION,0.36,0.02,0.9,4.1,QUIET,63.51823935756693,-0.14787113930413595,-2.4725697759450957,4,plane,성분별,정상,배포.지자기야장(양산).24.10.17.ver24.1.xlsx
양산,2024-10-17,14:40:00,15:00:00,14:40~14:46,14:54~15:00,2024-10-17 05:40~05:46,2024-10-17 05:54~06:00,3.0,CAUTION,0.12,0.02,3.3,3.9,QUIET,59.35098293895135,0.029876706873104016,-2.5460707479324465,4,plane,성분별,정상,배포.지자기야장(양산).24.10.17.ver24.1.xlsx
양산,2024-10-17,15:01:00,15:14:00,15:01~15:07,15:09~15:14,2024-10-17 06:01~06:07,2024-10-17 06:09~06:14,1.667,QUIET,0.11,0.03,4.4,5.3,QUIET,54.00183476362872,-0.16007872961460617,-2.346001981876588,4,plane,성분별,정상,배포.지자기야장(양산).24.10.17.ver24.1.xlsx
여주,2023-09-07,11:50:00,12:09:00,11:50~11:56,12:02~12:09,2023-09-07 02:50~02:56,2023-09-07 03:02~03:09,2.0,QUIET,0.21,0.11,3.8,7.3,QUIET,71.0518965431911,-2.6025180679840556,-3.6441638824561178,3,plane,성분별,정상,여주.지자기야장.23.09.07.xlsx
여주,2023-09-07,11:50:00,15:10:00,11:50~15:10,,2023-09-07 02:50~06:10,2023-09-07 02:50~06:10,2.0,QUIET,1.99,2.68,30.9,53.9,CAUTION,62.734302133751044,-1.6387240670735652,-2.7589977580301057,3,plane,세션전체,정상,여주.지자기야장.23.09.07.xlsx
여주,2023-09-07,12:24:00,12:50:00,12:24~12:33,12:44~12:50,2023-09-07 03:24~03:33,2023-09-07 03:44~03:50,0.667,QUIET,0.21,0.12,4.3,9.3,QUIET,67.7256920307118,-1.7201194635192696,-3.188597639365615,3,plane,성분별,정상,여주.지자기야장.23.09.07.xlsx
여주,2023-09-07,13:10:00,13:33:00,13:10~13:18,13:24~13:33,2023-09-07 04:10~04:18,2023-09-07 04:24~04:33,0.667,QUIET,0.18,0.13,3.7,6.3,QUIET,60.106290744231956,-1.5271152069400853,-2.4135950538886917,3,plane,성분별,정상,여주.지자기야장.23.09.07.xlsx
여주,2023-09-07,13:56:00,14:16:00,13:56~14:04,14:10~14:16,2023-09-07 04:56~05:04,2023-09-07 05:10~05:16,0.667,QUIET,0.12,0.09,3.2,6.2,QUIET,62.90675299364375,-1.5743494371260143,-2.6307666734460327,3,plane,성분별,정상,여주.지자기야장.23.09.07.xlsx
여주,2023-09-07,14:35:00,14:58:00,14:35~14:44,14:52~14:58,2023-09-07 05:35~05:44,2023-09-07 05:52~05:58,0.667,QUIET,0.2,0.15,6.9,9.7,QUIET,57.92659604403161,-1.888461923288911,-1.7008095354487358,3,plane,성분별,정상,여주.지자기야장.23.09.07.xlsx
여주,2023-09-07,15:05:00,15:22:00,15:05~15:10,15:15~15:22,2023-09-07 06:05~06:10,2023-09-07 06:15~06:22,0.667,QUIET,0.15,0.04,3.5,5.1,QUIET,53.025784130673856,-2.0644197834172235,-1.7378374141349011,3,plane,성분별,정상,여주.지자기야장.23.09.07.xlsx
여주,2025-04-30,10:40:00,11:21:00,10:40~10:57,11:09~11:21,2025-04-30 01:40~01:57,2025-04-30 02:09~02:21,3.333,DISTURBED,1.52,0.29,9.1,33.7,CAUTION,-4.558595080488885,-0.47459369187022876,-0.5041062608169553,4,plane,성분별,정상,배포.지자기야장(여주).250430.xlsx
여주,2025-04-30,12:39:00,12:59:00,12:39~12:45,12:52~12:59,2025-04-30 03:39~03:45,2025-04-30 03:52~03:59,2.333,CAUTION,0.15,0.13,6.1,11.6,QUIET,4.053103220801859,-2.703843207698715,-1.2905313828818992,4,plane,성분별,정상,배포.지자기야장(여주).250430.xlsx
여주,2025-04-30,13:23:00,13:44:00,13:23~13:32,13:37~13:44,2025-04-30 04:23~04:32,2025-04-30 04:37~04:44,2.333,CAUTION,0.28,0.07,1.8,5.9,QUIET,7.341475677509152,-3.409611884562108,-1.360031384998498,4,plane,성분별,정상,배포.지자기야장(여주).250430.xlsx
여주,2025-04-30,14:07:00,14:23:00,14:07~14:14,14:18~14:23,2025-04-30 05:07~05:14,2025-04-30 05:18~05:23,2.333,CAUTION,0.1,0.08,1.4,3.1,QUIET,7.142082733480493,-3.7558354789789736,-1.2493169599940623,4,plane,성분별,정상,배포.지자기야장(여주).250430.xlsx
여주,2025-04-30,14:53:00,15:10:00,14:53~14:58,15:03~15:10,2025-04-30 05:53~05:58,2025-04-30 06:03~06:10,2.667,CAUTION,0.11,0.1,1.4,3.0,QUIET,6.356296928599477,-3.871782346043133,-1.0714207177692872,4,plane,성분별,정상,배포.지자기야장(여주).250430.xlsx
여주,2025-04-30,15:38:00,15:53:00,15:38~15:44,15:48~15:53,2025-04-30 06:38~06:44,2025-04-30 06:48~06:53,2.667,CAUTION,0.14,0.06,2.3,4.3,QUIET,11.066729302154272,-3.6723823142504357,-1.3632599477327305,4,plane,성분별,정상,배포.지자기야장(여주).250430.xlsx
영천,2024-10-31,10:52:00,11:17:00,10:52~10:58,11:09~11:17,2024-10-31 01:52~01:58,2024-10-31 02:09~02:17,0.667,QUIET,0.08,0.1,4.4,5.8,QUIET,43.567627814787556,-6.57628349098974,-2.2113837578764497,4,plane,성분별,정상,배포.지자기야장.영천(2024.10.31).ver24.xlsx
영천,2024-10-31,11:43:00,12:01:00,11:43~11:49,11:56~12:01,2024-10-31 02:43~02:49,2024-10-31 02:56~03:01,0.667,QUIET,0.62,0.16,2.8,12.5,QUIET,47.90441927314532,-4.835729472088687,-1.547737028551268,4,plane,성분별,정상,배포.지자기야장.영천(2024.10.31).ver24.xlsx
영천,2024-10-31,12:40:00,12:58:00,12:40~12:45,12:50~12:58,2024-10-31 03:40~03:45,2024-10-31 03:50~03:58,0.667,QUIET,0.29,0.06,1.1,6.4,QUIET,48.764765077547054,-2.6912220080717026,-0.8146786538032417,4,plane,성분별,정상,배포.지자기야장.영천(2024.10.31).ver24.xlsx
영천,2024-10-31,13:24:00,13:43:00,13:24~13:31,13:36~13:43,2024-10-31 04:24~04:31,2024-10-31 04:36~04:43,0.667,QUIET,0.18,0.1,4.7,7.3,QUIET,43.09147132123326,-1.6547768690698599,-0.6327789178982635,4,plane,성분별,정상,배포.지자기야장.영천(2024.10.31).ver24.xlsx
영천,2024-10-31,14:12:00,14:39:00,14:12~14:20,14:33~14:39,2024-10-31 05:12~05:20,2024-10-31 05:33~05:39,0.667,QUIET,0.07,0.06,2.0,7.0,QUIET,36.61395442652429,-0.9735644905369286,-0.6740341512335745,4,plane,성분별,정상,배포.지자기야장.영천(2024.10.31).ver24.xlsx
영천,2024-10-31,15:06:00,15:24:00,15:06~15:13,15:19~15:24,2024-10-31 06:06~06:13,2024-10-31 06:19~06:24,1.333,QUIET,0.09,0.07,1.6,5.9,QUIET,32.76790590298333,-1.3022899982779887,-0.848723953240519,4,plane,성분별,정상,배포.지자기야장.영천(2024.10.31).ver24.xlsx
이원,2019-05-21,13:46:00,14:06:00,13:46~13:51,13:56~14:06,2019-05-21 04:46~04:51,2019-05-21 04:56~05:06,1.0,QUIET,0.06,0.09,2.4,2.6,QUIET,39.24930604766996,-0.6817821630771591,-1.0442471302337002,3,plane,성분별,정상,2019.5.21~23.이원 야장기록.xlsx
이원,2019-05-21,14:21:00,14:38:00,14:21~14:27,14:31~14:38,2019-05-21 05:21~05:27,2019-05-21 05:31~05:38,1.0,QUIET,0.11,0.05,2.8,4.0,QUIET,37.36231689262786,-1.175649168405001,-0.750311743923992,3,plane,성분별,정상,2019.5.21~23.이원 야장기록.xlsx
이원,2019-05-22,10:10:00,10:32:00,10:10~10:19,10:24~10:32,2019-05-22 01:10~01:19,2019-05-22 01:24~01:32,0.333,QUIET,0.18,0.09,2.4,5.3,QUIET,19.223047333136492,-1.148841606191804,-0.9955610038224351,4,plane,성분별,정상,2019.5.21~23.이원 야장기록.xlsx
이원,2019-05-22,10:44:00,11:05:00,10:44~10:53,10:57~11:05,2019-05-22 01:44~01:53,2019-05-22 01:57~02:05,0.333,QUIET,0.35,0.07,2.0,7.0,QUIET,21.928800986817805,-1.2594758014221892,-1.1250089625998485,4,plane,성분별,정상,2019.5.21~23.이원 야장기록.xlsx
이원,2024-09-05,11:47:00,12:16:00,11:47~11:56,12:07~12:16,2024-09-05 02:47~02:56,2024-09-05 03:07~03:16,1.333,QUIET,0.64,0.11,6.9,18.4,QUIET,32.954542864135874,-2.9842169109807406,-1.9026408350610082,4,plane,성분별,정상,배포.지자기야장.이원(2024.9.5).xlsx
이원,2024-09-05,12:29:00,12:53:00,12:29~12:36,12:44~12:53,2024-09-05 03:29~03:36,2024-09-05 03:44~03:53,1.333,QUIET,0.29,0.1,5.4,7.8,QUIET,32.18850514631049,-3.0681731564670334,-1.7613041247910561,4,plane,성분별,정상,배포.지자기야장.이원(2024.9.5).xlsx
이원,2024-09-05,13:03:00,13:19:00,13:03~13:10,13:12~13:19,2024-09-05 04:03~04:10,2024-09-05 04:12~04:19,1.333,QUIET,0.08,0.14,6.4,8.2,QUIET,31.03577463889087,-3.1422926998949885,-1.6896997058550578,4,plane,성분별,정상,배포.지자기야장.이원(2024.9.5).xlsx
이원,2024-09-05,13:37:00,13:53:00,13:37~13:44,13:46~13:53,2024-09-05 04:37~04:44,2024-09-05 04:46~04:53,1.333,QUIET,0.08,0.14,5.3,7.0,QUIET,31.691939838972758,-3.0176739825968038,-1.6654452873487668,4,plane,성분별,정상,배포.지자기야장.이원(2024.9.5).xlsx
이원,2024-09-05,14:22:00,14:37:00,14:22~14:28,14:32~14:37,2024-09-05 05:22~05:28,2024-09-05 05:32~05:37,1.333,QUIET,0.1,0.12,6.1,8.3,QUIET,30.597580157504126,-2.8434625022992135,-1.5631736165516767,4,plane,성분별,정상,배포.지자기야장.이원(2024.9.5).xlsx
이원,2024-09-05,15:00:00,15:16:00,15:00~15:05,15:10~15:16,2024-09-05 06:00~06:05,2024-09-05 06:10~06:16,0.667,QUIET,0.13,0.1,1.4,6.6,QUIET,32.01320880660205,-2.4680204503868164,-1.5632166961721223,4,plane,성분별,정상,배포.지자기야장.이원(2024.9.5).xlsx
임계,2022-10-12,13:17:00,13:34:00,13:17~13:23,13:27~13:34,,,,미상,,,,,미상,,,,0,-,-,측점 좌표 없음,복사본 배포.임계_지자기야장(22.10.12).xlsx
임계,2022-10-12,13:17:00,16:35:00,13:17~16:35,,,,,미상,,,,,미상,,,,0,-,-,측점 좌표 없음,복사본 배포.임계_지자기야장(22.10.12).xlsx
임계,2022-10-12,13:49:00,14:02:00,13:49~13:56,13:58~14:02,,,,미상,,,,,미상,,,,0,-,-,측점 좌표 없음,복사본 배포.임계_지자기야장(22.10.12).xlsx
임계,2022-10-12,14:34:00,14:45:00,14:34~14:38,14:41~14:45,,,,미상,,,,,미상,,,,0,-,-,측점 좌표 없음,복사본 배포.임계_지자기야장(22.10.12).xlsx
임계,2022-10-12,15:19:00,15:31:00,15:19~15:24,15:27~15:31,,,,미상,,,,,미상,,,,0,-,-,측점 좌표 없음,복사본 배포.임계_지자기야장(22.10.12).xlsx
임계,2022-10-12,16:00:00,16:12:00,16:00~16:05,16:07~16:12,,,,미상,,,,,미상,,,,0,-,-,측점 좌표 없음,복사본 배포.임계_지자기야장(22.10.12).xlsx
임계,2022-10-12,16:30:00,16:43:00,16:30~16:35,16:38~16:43,,,,미상,,,,,미상,,,,0,-,-,측점 좌표 없음,복사본 배포.임계_지자기야장(22.10.12).xlsx
장흥,2019-10-22,10:06:00,10:25:00,10:06~10:12,10:16~10:25,2019-10-22 01:06~01:12,2019-10-22 01:16~01:25,0.0,QUIET,0.04,0.06,2.1,2.6,QUIET,8.562303525337484,-0.8043087584924338,-0.7130180337397886,4,plane,성분별,정상,2019.10.21-23.장흥.지자기야장.xlsx
장흥,2019-10-22,10:46:00,11:00:00,10:46~10:51,10:54~11:00,2019-10-22 01:46~01:51,2019-10-22 01:54~02:00,0.0,QUIET,0.08,0.09,1.7,4.1,QUIET,7.876706211849523,-0.7771938324877559,-0.65981266662648,4,plane,성분별,정상,2019.10.21-23.장흥.지자기야장.xlsx
장흥,2019-10-22,11:34:00,11:46:00,11:34~11:39,11:41~11:46,2019-10-22 02:34~02:39,2019-10-22 02:41~02:46,0.0,QUIET,0.16,0.17,2.7,6.1,QUIET,6.5618939180567395,-1.197359826059741,-0.4857995571466176,4,plane,성분별,정상,2019.10.21-23.장흥.지자기야장.xlsx
장흥,2019-10-22,13:00:00,13:16:00,13:00~13:06,13:10~13:16,2019-10-22 04:00~04:06,2019-10-22 04:10~04:16,0.333,QUIET,0.11,0.03,1.6,3.4,QUIET,11.569218740063661,-1.0261739588964751,-0.7722314111484414,4,plane,성분별,정상,2019.10.21-23.장흥.지자기야장.xlsx
장흥,2019-10-22,13:10:00,14:07:00,14:03~14:07,13:10~13:14,2019-10-22 05:03~05:07,2019-10-22 04:10~04:14,0.333,QUIET,0.02,0.03,5.8,8.6,QUIET,12.266447702357254,-0.8671301286279894,-0.7728105594569676,4,plane,성분별,정상,2019.10.21-23.장흥.지자기야장.xlsx
장흥,2019-10-22,13:30:00,13:43:00,13:30~13:35,13:39~13:43,2019-10-22 04:30~04:35,2019-10-22 04:39~04:43,0.333,QUIET,0.02,0.05,1.9,2.3,QUIET,12.363434120641614,-0.9568907342163762,-0.7977064135050734,4,plane,성분별,정상,2019.10.21-23.장흥.지자기야장.xlsx
포천,2020-10-20,15:01:00,16:04:00,15:01~15:12,15:55~16:04,2020-10-20 06:01~06:12,2020-10-20 06:55~07:04,0.667,QUIET,0.15,0.05,2.9,8.7,QUIET,-3.6282335441646865,-1.749377260518201,0.2506602894483368,4,plane,성분별,정상,2020.10.20_포천_지자기야장.xlsx
포천,2020-10-20,16:22:00,16:55:00,16:22~16:34,16:39~16:55,2020-10-20 07:22~07:34,2020-10-20 07:39~07:55,0.667,QUIET,0.08,0.1,2.5,3.2,QUIET,-2.0195569468924077,-0.8968174295575392,0.29490599661300626,4,plane,성분별,정상,2020.10.20_포천_지자기야장.xlsx
포천,2020-10-20,17:00:00,17:22:00,17:00~17:07,17:15~17:22,2020-10-20 08:00~08:07,2020-10-20 08:15~08:22,0.667,QUIET,0.05,0.04,1.7,3.0,QUIET,-2.7449281733715907,-0.6286638966127013,0.4048115095395068,4,plane,성분별,정상,2020.10.20_포천_지자기야장.xlsx
포천,2020-10-21,10:33:00,10:58:00,10:33~10:43,10:49~10:58,2020-10-21 01:33~01:43,2020-10-21 01:49~01:58,2.333,CAUTION,0.22,0.1,5.2,6.5,QUIET,-11.925375272934616,1.3739187857595772,0.7665647300316517,4,plane,성분별,정상,2020.10.20_포천_지자기야장.xlsx
포천,2020-10-21,11:25:00,11:47:00,11:25~11:33,11:38~11:47,2020-10-21 02:25~02:33,2020-10-21 02:38~02:47,2.333,CAUTION,0.28,0.06,2.1,8.4,QUIET,-16.00823069665057,0.6903169171581043,0.33885736207219613,4,plane,성분별,정상,2020.10.20_포천_지자기야장.xlsx
포천,2020-10-21,12:03:00,12:23:00,12:03~12:10,12:15~12:23,2020-10-21 03:03~03:10,2020-10-21 03:15~03:23,2.333,CAUTION,0.34,0.08,2.8,6.1,QUIET,-16.050463125640817,-0.5088248719147733,0.27451238532640043,4,plane,성분별,정상,2020.10.20_포천_지자기야장.xlsx
포천,2023-05-25,11:04:00,11:29:00,11:04~11:10,11:21~11:29,2023-05-25 02:04~02:10,2023-05-25 02:21~02:29,3.0,CAUTION,0.29,0.14,3.6,12.8,QUIET,-51.96770083743468,-1.18907133286913,1.4360964326793462,4,plane,성분별,정상,배포.포천.지자기야장.23.05.25.xlsx
포천,2023-05-25,12:00:00,12:19:00,12:00~12:06,12:11~12:19,2023-05-25 03:00~03:06,2023-05-25 03:11~03:19,2.667,CAUTION,0.16,0.18,4.6,9.4,QUIET,-42.770027873928484,-4.936655367404582,0.7962915725454054,4,plane,성분별,정상,배포.포천.지자기야장.23.05.25.xlsx
포천,2023-05-25,12:50:00,13:09:00,12:50~12:57,13:03~13:09,2023-05-25 03:50~03:57,2023-05-25 04:03~04:09,2.667,CAUTION,0.09,0.18,4.6,6.1,QUIET,-28.573198922786105,-6.858743380604356,0.02296236467594296,4,plane,성분별,정상,배포.포천.지자기야장.23.05.25.xlsx
포천,2023-05-25,13:29:00,13:44:00,13:29~13:33,13:39~13:44,2023-05-25 04:29~04:33,2023-05-25 04:39~04:44,2.667,CAUTION,0.1,0.1,5.5,6.9,QUIET,-18.285311670704687,-6.987445260824774,-0.2676703051181234,4,plane,성분별,정상,배포.포천.지자기야장.23.05.25.xlsx
포천,2023-05-25,14:01:00,14:15:00,14:01~14:07,14:10~14:15,2023-05-25 05:01~05:07,2023-05-25 05:10~05:15,2.667,CAUTION,0.23,0.13,2.4,5.5,QUIET,-9.46575177500199,-6.3445791037451285,-0.5246889743807946,4,plane,성분별,정상,배포.포천.지자기야장.23.05.25.xlsx
포천,2023-05-25,14:30:00,14:45:00,14:30~14:36,14:40~14:45,2023-05-25 05:30~05:36,2023-05-25 05:40~05:45,2.667,CAUTION,0.41,0.18,4.9,6.8,QUIET,-6.0836867605976295,-5.8156947684326505,-0.5706449598371472,4,plane,성분별,정상,배포.포천.지자기야장.23.05.25.xlsx
포천,2025-05-27,11:16:00,11:31:00,11:16~11:23,11:25~11:31,2025-05-27 02:16~02:23,2025-05-27 02:25~02:31,2.0,QUIET,0.2,0.28,3.8,7.7,QUIET,-28.59048507722764,-0.023812066773890042,-1.6552495004069132,4,plane,성분별,정상,배포.지자기야장(25.05.27).포천점.xlsx
포천,2025-05-27,11:42:00,11:59:00,11:42~11:48,11:53~11:59,2025-05-27 02:42~02:48,2025-05-27 02:53~02:59,2.0,QUIET,0.3,0.13,3.7,10.1,QUIET,-30.24505105544813,-0.47134808089055935,-1.5734569595225913,4,plane,성분별,정상,배포.지자기야장(25.05.27).포천점.xlsx
포천,2025-05-27,12:23:00,12:39:00,12:23~12:29,12:33~12:39,2025-05-27 03:23~03:29,2025-05-27 03:33~03:39,2.0,QUIET,0.16,0.27,4.6,7.2,QUIET,-31.917399410376674,-2.5291944205503136,-1.493101784112279,4,plane,성분별,정상,배포.지자기야장(25.05.27).포천점.xlsx
포천,2025-05-27,13:04:00,13:20:00,13:04~13:10,13:14~13:20,2025-05-27 04:04~04:10,2025-05-27 04:14~04:20,2.0,QUIET,0.24,0.23,3.6,7.4,QUIET,-25.190545890414796,-3.3821316988010084,-1.5193211801404538,4,plane,성분별,정상,배포.지자기야장(25.05.27).포천점.xlsx
포천,2025-05-27,14:06:00,14:25:00,14:06~14:12,14:19~14:25,2025-05-27 05:06~05:12,2025-05-27 05:19~05:25,2.0,QUIET,0.09,0.16,4.4,6.4,QUIET,-18.930293491961493,-4.7039297964306455,-1.2424080058089437,4,plane,성분별,정상,배포.지자기야장(25.05.27).포천점.xlsx
포천,2025-05-27,14:47:00,15:02:00,14:47~14:53,14:56~15:02,2025-05-27 05:47~05:53,2025-05-27 05:56~06:02,2.0,QUIET,0.21,0.37,6.9,9.7,QUIET,-13.215633813371824,-4.264130815048317,-1.3688433061617675,4,plane,성분별,정상,배포.지자기야장(25.05.27).포천점.xlsx
함양,2020-11-16,15:08:00,15:27:00,15:08~15:14,15:21~15:27,2020-11-16 06:08~06:14,2020-11-16 06:21~06:27,0.0,QUIET,0.1,0.04,2.8,4.6,QUIET,3.794540083814354,-0.6439879769005197,-0.4544278383064268,4,plane,성분별,정상,배포_지자기야장.20.11.16_함양.xlsx
함양,2020-11-16,15:50:00,16:10:00,15:50~15:59,16:02~16:10,2020-11-16 06:50~06:59,2020-11-16 07:02~07:10,0.0,QUIET,0.23,0.03,1.6,4.9,QUIET,3.366815911300364,-0.662972648269681,-0.43135071132191327,4,plane,성분별,정상,배포_지자기야장.20.11.16_함양.xlsx
함양,2020-11-16,16:22:00,16:35:00,16:22~16:27,16:31~16:35,2020-11-16 07:22~07:27,2020-11-16 07:31~07:35,0.0,QUIET,0.15,0.02,0.9,3.0,QUIET,3.6680733540124493,-0.6441287485264434,-0.4437090532520854,4,plane,성분별,정상,배포_지자기야장.20.11.16_함양.xlsx
함양,2020-11-17,09:10:00,09:27:00,09:10~09:16,09:20~09:27,2020-11-17 00:10~00:16,2020-11-17 00:20~00:27,0.0,QUIET,0.09,0.1,3.5,4.7,QUIET,6.186104271182558,-0.16233877422102552,-0.8776946787191099,4,plane,성분별,정상,배포_지자기야장.20.11.16_함양.xlsx
함양,2020-11-17,10:05:00,10:17:00,10:05~10:10,10:13~10:17,2020-11-17 01:05~01:10,2020-11-17 01:13~01:17,0.0,QUIET,0.12,0.06,1.2,2.1,QUIET,4.01477670641907,-0.587905621466015,-0.7781882474350812,4,plane,성분별,정상,배포_지자기야장.20.11.16_함양.xlsx
함양,2020-11-17,10:31:00,10:42:00,10:31~10:35,10:38~10:42,2020-11-17 01:31~01:35,2020-11-17 01:38~01:42,0.0,QUIET,0.05,0.06,1.8,3.5,QUIET,2.8191421649898984,-0.8306234731161608,-0.6798061377634155,4,plane,성분별,정상,배포_지자기야장.20.11.16_함양.xlsx
함양,2023-09-13,10:22:00,10:40:00,10:22~10:28,10:34~10:40,2023-09-13 01:22~01:28,2023-09-13 01:34~01:40,4.667,DISTURBED,0.45,0.11,3.8,11.0,CAUTION,-232.8624908713391,-4.807395125459363,10.003929712220518,3,plane,성분별,정상,함양.지자기야장.23.09.12.xlsx
함양,2023-09-13,10:48:00,11:04:00,10:48~10:49,10:58~11:04,2023-09-13 01:48~01:49,2023-09-13 01:58~02:04,4.667,DISTURBED,0.12,0.15,3.0,7.9,CAUTION,-222.39072753142682,-10.191737585915652,9.566646117507307,3,plane,성분별,정상,함양.지자기야장.23.09.12.xlsx
함양,2023-09-13,11:15:00,11:38:00,11:15~11:23,11:28~11:38,2023-09-13 02:15~02:23,2023-09-13 02:28~02:38,4.667,DISTURBED,1.02,0.15,6.7,15.9,CAUTION,-202.0448280980927,-15.837044913737424,8.467957412503765,3,plane,성분별,정상,함양.지자기야장.23.09.12.xlsx
함양,2023-09-13,11:57:00,12:18:00,11:57~12:04,12:09~12:18,2023-09-13 02:57~03:04,2023-09-13 03:09~03:18,4.667,DISTURBED,0.33,0.17,4.9,9.4,CAUTION,-160.03868708784285,-19.136067593445603,4.204473878801554,3,plane,성분별,정상,함양.지자기야장.23.09.12.xlsx
함양,2023-09-13,12:28:00,12:45:00,12:28~12:33,12:39~12:45,2023-09-13 03:28~03:33,2023-09-13 03:39~03:45,3.667,DISTURBED,0.41,0.11,6.4,12.2,CAUTION,-166.274423032286,-23.479775961523334,5.3208899088761745,3,plane,성분별,정상,함양.지자기야장.23.09.12.xlsx
함양,2023-09-13,12:57:00,13:14:00,12:57~13:03,13:08~13:14,2023-09-13 03:57~04:03,2023-09-13 04:08~04:14,3.667,DISTURBED,0.14,0.07,4.8,7.6,CAUTION,-151.90994654071983,-22.61333791795004,3.2087539648157763,3,plane,성분별,정상,함양.지자기야장.23.09.12.xlsx
함양,2025-10-29,11:28:00,11:46:00,11:28~11:34,11:40~11:46,2025-10-29 02:28~02:34,2025-10-29 02:40~02:46,2.333,CAUTION,0.27,0.18,1.9,7.5,QUIET,9.700449772404681,-1.6982369059108564,-0.20258018902431973,3,plane,성분별,정상,배포.지자기야장(25.10.30.).함양점.xlsx
함양,2025-10-29,12:09:00,12:26:00,12:09~12:15,12:20~12:26,2025-10-29 03:09~03:15,2025-10-29 03:20~03:26,2.667,CAUTION,0.23,0.1,4.1,7.9,QUIET,16.494054157701612,-1.8292951929500794,-0.6136026761986538,3,plane,성분별,정상,배포.지자기야장(25.10.30.).함양점.xlsx
함양,2025-10-29,13:10:00,13:25:00,13:10~13:16,13:19~13:25,2025-10-29 04:10~04:16,2025-10-29 04:19~04:25,2.667,CAUTION,0.23,0.49,7.2,13.4,QUIET,8.164780396320566,-1.630274037110371,-0.18498408994435772,3,plane,성분별,정상,배포.지자기야장(25.10.30.).함양점.xlsx
함양,2025-10-29,13:58:00,14:15:00,13:58~14:04,14:08~14:15,2025-10-29 04:58~05:04,2025-10-29 05:08~05:15,2.667,CAUTION,0.12,0.1,4.4,4.8,QUIET,14.489841848320793,-0.9000717827317486,-0.45799853099917054,3,plane,성분별,정상,배포.지자기야장(25.10.30.).함양점.xlsx
함양,2025-10-29,14:45:00,15:01:00,14:45~14:50,14:55~15:01,2025-10-29 05:45~05:50,2025-10-29 05:55~06:01,3.333,DISTURBED,0.36,0.1,3.6,5.6,CAUTION,14.631854664170532,-1.0974816945355597,-0.6002252596104476,3,plane,성분별,정상,배포.지자기야장(25.10.30.).함양점.xlsx
함양,2025-10-29,15:29:00,15:44:00,15:29~15:35,15:39~15:44,2025-10-29 06:29~06:35,2025-10-29 06:39~06:44,3.333,DISTURBED,0.65,0.32,8.2,12.9,CAUTION,18.15909707335959,-1.425422632300984,-0.9431374084683121,3,plane,성분별,정상,배포.지자기야장(25.10.30.).함양점.xlsx
