측점,날짜,시작,종료,Kp,dF,dD_arcmin,상태,파일
가야,2022-09-19,16:15:00,16:40:00,0.667,12.520787865505554,-0.9010609280225954,정상,2022.09.19.지자기야장(가야).xlsx
가야,2022-09-19,16:52:00,17:13:00,0.667,13.47080373443896,-0.5136770102586158,정상,2022.09.19.지자기야장(가야).xlsx
가야,2022-09-19,17:37:00,17:56:00,0.667,9.05989855707594,-0.2765846945201431,정상,2022.09.19.지자기야장(가야).xlsx
가야,2022-09-20,11:24:00,11:49:00,2.0,-24.234525478947035,-1.8735042472588386,정상,2022.09.19.지자기야장(가야).xlsx
가야,2022-09-20,12:02:00,12:19:00,2.0,-22.197953386996232,-2.736526911534783,정상,2022.09.19.지자기야장(가야).xlsx
가야,2022-09-20,12:37:00,12:51:00,2.0,-17.057830456127704,-3.1183533493880393,정상,2022.09.19.지자기야장(가야).xlsx
가야,2024-09-12,11:06:00,11:22:00,2.0,-41.39333351170353,-0.023880014638970937,정상,배포_지자기야장.가야(2024.09.12.측정).xlsx
가야,2024-09-12,12:00:00,12:17:00,3.667,-33.66245669518685,-3.432957471024465,정상,배포_지자기야장.가야(2024.09.12.측정).xlsx
가야,2024-09-12,12:48:00,13:08:00,3.667,-2.8326918427846977,-3.5653483892107958,정상,배포_지자기야장.가야(2024.09.12.측정).xlsx
가야,2024-09-12,13:39:00,13:57:00,3.667,4.274051783744653,-3.9668881547258548,정상,배포_지자기야장.가야(2024.09.12.측정).xlsx
가야,2024-09-12,14:16:00,14:42:00,3.667,8.466186077857856,-4.800354482886265,정상,배포_지자기야장.가야(2024.09.12.측정).xlsx
가야,2024-09-12,15:00:00,15:18:00,5.667,2.9827262285762117,-3.8258174466755888,정상,배포_지자기야장.가야(2024.09.12.측정).xlsx
강화,2024-04-17,12:32:00,12:54:00,1.0,-281.14885161062557,31.331435482387118,정상,배포.지자기야장(강화점)24.04.16-18.xlsx
강화,2024-04-17,13:26:00,13:48:00,1.0,-269.93788596551894,30.95530417568235,정상,배포.지자기야장(강화점)24.04.16-18.xlsx
강화,2024-04-17,14:21:00,14:38:00,1.0,-258.53655584256194,30.998987171407908,정상,배포.지자기야장(강화점)24.04.16-18.xlsx
강화,2024-04-17,15:03:00,15:55:00,0.667,-252.2360134841365,31.33070347838094,정상,배포.지자기야장(강화점)24.04.16-18.xlsx
강화,2024-04-17,15:07:00,15:25:00,0.667,-252.94881862137117,31.24637935147319,정상,배포.지자기야장(강화점)24.04.16-18.xlsx
강화,2024-04-17,16:10:00,16:27:00,0.667,-254.42283587393467,31.628178713471655,정상,배포.지자기야장(강화점)24.04.16-18.xlsx
거제,2019-06-18,16:10:00,16:27:00,0.333,-0.7665577849111287,-2.6167807861162946,정상,남지.거제 지자기 야장 문서.xlsx
거제,2019-06-18,16:45:00,17:01:00,0.333,0.3182985589301097,-1.8457684534696468,정상,남지.거제 지자기 야장 문서.xlsx
거제,2019-06-19,11:01:00,11:20:00,0.667,-24.985654338139284,1.423636482102526,정상,남지.거제 지자기 야장 문서.xlsx
거제,2019-06-19,11:42:00,12:04:00,0.667,-26.38992654876347,-0.3228497369463754,정상,남지.거제 지자기 야장 문서.xlsx
거제,2024-10-24,11:07:00,11:25:00,2.667,-39.22876370580343,2.2956423693017776,정상,배포.지자기(거제)점(2024.10.24).ver24..xlsx
거제,2024-10-24,11:07:00,15:06:00,2.667,-45.818818799132714,-2.6100538870184478,정상,배포.지자기(거제)점(2024.10.24).ver24..xlsx
거제,2024-10-24,11:40:00,11:55:00,2.667,-48.16742375936883,1.078685823518283,정상,배포.지자기(거제)점(2024.10.24).ver24..xlsx
거제,2024-10-24,12:31:00,12:52:00,4.333,-57.94830943696434,-1.8197266378130095,정상,배포.지자기(거제)점(2024.10.24).ver24..xlsx
거제,2024-10-24,13:10:00,13:33:00,4.333,-55.227885304251686,-4.47094126098588,정상,배포.지자기(거제)점(2024.10.24).ver24..xlsx
거제,2024-10-24,14:07:00,14:29:00,4.333,-32.95321488662739,-5.465906123601632,정상,배포.지자기(거제)점(2024.10.24).ver24..xlsx
거제,2024-10-24,15:00:00,15:16:00,3.333,-34.33482321626798,-4.936879646642387,정상,배포.지자기(거제)점(2024.10.24).ver24..xlsx
경주,2020-11-17,13:24:00,13:45:00,0.0,-13.814962310047122,-0.38746084821208604,정상,배포.지자기야장.20.11.17_경주.xlsx
경주,2020-11-17,14:02:00,14:19:00,0.0,-10.218211905885255,-0.9461481885977285,정상,배포.지자기야장.20.11.17_경주.xlsx
경주,2020-11-17,14:35:00,14:50:00,0.0,-5.193190709076589,-1.1414875182749422,정상,배포.지자기야장.20.11.17_경주.xlsx
경주,2020-11-18,10:20:00,10:35:00,1.0,3.543594795104582,1.2901510029646666,정상,배포.지자기야장.20.11.17_경주.xlsx
경주,2020-11-18,10:55:00,11:10:00,1.0,-0.11909425634803483,1.8957764527441783,정상,배포.지자기야장.20.11.17_경주.xlsx
경주,2020-11-18,11:30:00,11:47:00,1.0,-3.770056388093508,1.6717479844306455,정상,배포.지자기야장.20.11.17_경주.xlsx
남지,2019-06-24,15:41:00,16:02:00,0.333,4.040407111257082,-1.8386470908864936,정상,남지.거제 지자기 야장 문서.xlsx
남지,2019-06-25,09:45:00,10:02:00,0.667,-23.073623386662803,2.5348442190713474,정상,남지.거제 지자기 야장 문서.xlsx
남지,2019-06-25,10:39:00,10:52:00,0.667,-22.725313613103935,1.026189854167781,정상,남지.거제 지자기 야장 문서.xlsx
미원,2019-05-14,13:24:00,13:49:00,5.667,-12.607209847847116,-3.6953862100966717,정상,2019.5.14~17.미원 야장기록.xlsx
미원,2019-05-14,14:20:00,14:42:00,5.667,-58.54514997809747,-5.218062129093361,정상,2019.5.14~17.미원 야장기록.xlsx
미원,2019-05-15,10:30:00,10:49:00,0.667,-33.43383550993167,-1.6238115584295525,정상,2019.5.14~17.미원 야장기록.xlsx
미원,2019-05-15,11:11:00,11:28:00,0.667,-30.54072219860973,-2.5442497626479956,정상,2019.5.14~17.미원 야장기록.xlsx
미원,2019-05-15,11:59:00,12:14:00,0.667,-25.881127367232693,-3.3410489018414182,정상,2019.5.14~17.미원 야장기록.xlsx
미원,2024-05-01,11:40:00,12:02:00,3.667,-22.48313065811817,-1.723118485567531,정상,배포_지자기야장.미원점(24.5.1).ver24.xlsx
미원,2024-05-01,12:20:00,12:40:00,2.0,-10.967390806916228,-3.5141725544055524,정상,배포_지자기야장.미원점(24.5.1).ver24.xlsx
미원,2024-05-01,13:02:00,13:29:00,2.0,-1.9023952713469043,-4.518630673779843,정상,배포_지자기야장.미원점(24.5.1).ver24.xlsx
미원,2024-05-01,13:51:00,14:13:00,2.0,3.006270432699239,-4.814281782942904,정상,배포_지자기야장.미원점(24.5.1).ver24.xlsx
미원,2024-05-01,14:33:00,14:52:00,2.0,10.379266089650628,-4.165310483584357,정상,배포_지자기야장.미원점(24.5.1).ver24.xlsx
미원,2024-05-01,15:14:00,15:35:00,1.667,8.073366214601265,-3.400210193408368,정상,배포_지자기야장.미원점(24.5.1).ver24.xlsx
부안,2020-09-15,12:40:00,13:10:00,2.0,-15.453582449248643,-1.9079048577097126,정상,2020.09.15_부안_지자기야장.xlsx
부안,2020-09-15,12:40:00,12:47:00,2.0,-15.409013030068309,-1.8808495067087738,정상,2020.09.15_부안_지자기야장.xlsx
부안,2020-11-03,11:11:00,11:33:00,1.667,-17.0928892497177,0.896672567397435,정상,배포.20.11.03_부안_야장(6).xlsx
부안,2020-11-03,11:45:00,12:03:00,1.667,-19.402377632897696,-0.0021381253452589914,정상,배포.20.11.03_부안_야장(6).xlsx
부안,2020-11-03,12:15:00,12:30:00,0.0,-20.4965291016415,-1.0108547018784202,정상,배포.20.11.03_부안_야장(6).xlsx
부안,2020-11-03,13:02:00,13:20:00,0.0,-15.573924678763433,-2.424246175015833,정상,배포.20.11.03_부안_야장(6).xlsx
부안,2020-11-03,13:30:00,13:47:00,0.0,-11.263547732996813,-2.713428424247658,정상,배포.20.11.03_부안_야장(6).xlsx
부안,2020-11-03,14:00:00,14:18:00,0.0,-5.020741855609231,-2.4484576068493173,정상,배포.20.11.03_부안_야장(6).xlsx
부안,2023-11-01,11:36:00,12:01:00,1.667,-29.991302619993803,0.6584413884938227,정상,배포.부안.지자기야장.23.10.31.xlsx
부안,2023-11-01,12:15:00,12:31:00,2.667,-33.55036727840343,-1.3406615609647836,정상,배포.부안.지자기야장.23.10.31.xlsx
부안,2023-11-01,13:03:00,13:22:00,2.667,-24.85560647325474,-3.146175588826244,정상,배포.부안.지자기야장.23.10.31.xlsx
부안,2023-11-01,13:40:00,13:56:00,2.667,-16.81226844012417,-3.5029401226402688,정상,배포.부안.지자기야장.23.10.31.xlsx
부안,2023-11-01,14:15:00,14:35:00,2.667,-9.606214613391785,-3.2777191438375453,정상,배포.부안.지자기야장.23.10.31.xlsx
부안,2023-11-01,14:40:00,14:58:00,2.667,-5.784367759319139,-3.0075498206285074,정상,배포.부안.지자기야장.23.10.31.xlsx
부안,2025-11-04,11:26:00,11:55:00,,,,CYG 자료 없음,배포.지자기야장(25.11.4).부안점.xlsx
부안,2025-11-04,12:27:00,12:44:00,,,,CYG 자료 없음,배포.지자기야장(25.11.4).부안점.xlsx
부안,2025-11-04,13:19:00,13:34:00,,,,CYG 자료 없음,배포.지자기야장(25.11.4).부안점.xlsx
부안,2025-11-04,13:59:00,14:21:00,,,,CYG 자료 없음,배포.지자기야장(25.11.4).부안점.xlsx
부안,2025-11-04,14:50:00,15:07:00,,,,CYG 자료 없음,배포.지자기야장(25.11.4).부안점.xlsx
부안,2025-11-04,15:26:00,15:43:00,,,,CYG 자료 없음,배포.지자기야장(25.11.4).부안점.xlsx
상주,2020-10-27,16:26:00,16:45:00,,,,CYG 자료 없음,배포.20.10.27_상주_야장(6).xlsx
상주,2020-10-27,17:02:00,17:25:00,,,,CYG 자료 없음,배포.20.10.27_상주_야장(6).xlsx
상주,2020-10-27,17:30:00,17:46:00,,,,CYG 자료 없음,배포.20.10.27_상주_야장(6).xlsx
상주,2020-10-28,10:57:00,11:16:00,1.667,-16.91927100562316,1.276671450668614,정상,배포.20.10.27_상주_야장(6).xlsx
상주,2020-10-28,11:33:00,11:53:00,1.667,-19.59812465993309,0.4212902124532587,정상,배포.20.10.27_상주_야장(6).xlsx
상주,2020-10-28,12:10:00,12:27:00,2.667,-20.208022014034213,-0.8318867317584736,정상,배포.20.10.27_상주_야장(6).xlsx
상주,2023-10-11,11:51:00,12:11:00,0.0,72.23808148119133,-9.211631027744302,정상,상주.지자기야장.23.10.11.xlsx
상주,2023-10-11,12:26:00,12:45:00,0.667,76.37335666777653,-10.667788844178471,정상,상주.지자기야장.23.10.11.xlsx
상주,2023-10-11,13:15:00,13:34:00,0.667,79.55046808685438,-12.477855473513587,정상,상주.지자기야장.23.10.11.xlsx
상주,2023-10-11,14:04:00,14:24:00,0.667,86.78226372554491,-13.72374667290577,정상,상주.지자기야장.23.10.11.xlsx
상주,2023-10-11,14:40:00,14:56:00,0.667,93.83817477006232,-14.044928889461472,정상,상주.지자기야장.23.10.11.xlsx
상주,2023-10-11,15:10:00,15:24:00,0.667,97.14508429532725,-13.928614075112517,정상,상주.지자기야장.23.10.11.xlsx
상주,2025-09-24,10:30:00,10:51:00,,,,CYG 자료 없음,배포.지자기야장(25.9.25).상주점.ver.xlsx
상주,2025-09-24,11:04:00,11:19:00,,,,CYG 자료 없음,배포.지자기야장(25.9.25).상주점.ver.xlsx
상주,2025-09-24,11:44:00,12:02:00,,,,CYG 자료 없음,배포.지자기야장(25.9.25).상주점.ver.xlsx
상주,2025-09-24,12:36:00,12:53:00,,,,CYG 자료 없음,배포.지자기야장(25.9.25).상주점.ver.xlsx
상주,2025-09-24,13:34:00,13:49:00,,,,CYG 자료 없음,배포.지자기야장(25.9.25).상주점.ver.xlsx
상주,2025-09-24,14:32:00,14:46:00,,,,CYG 자료 없음,배포.지자기야장(25.9.25).상주점.ver.xlsx
성산,2023-04-12,10:38:00,11:03:00,0.0,-29.71081994913402,5.146909350533304,정상,성산.지자기야장.23.04.12(text).xlsx
성산,2023-04-12,11:29:00,11:56:00,0.0,-38.86889306951343,2.824207123955608,정상,성산.지자기야장.23.04.12(text).xlsx
성산,2023-04-12,11:38:00,12:03:00,0.0,-38.92004174916656,2.3232700283531624,정상,성산.지자기야장.23.04.12.xlsx
성산,2023-04-12,12:29:00,12:56:00,0.0,-32.92430859797605,-1.0154528353504042,정상,성산.지자기야장.23.04.12.xlsx
성산,2023-04-12,13:11:00,13:40:00,0.0,-18.990384867880493,-2.9967913229337837,정상,성산.지자기야장.23.04.12.xlsx
성산,2023-04-12,13:12:00,13:40:00,0.0,-18.83574627692724,-3.0173522882807595,정상,성산.지자기야장.23.04.12(text).xlsx
성산,2023-04-12,13:58:00,14:24:00,0.0,-6.626240276826138,-4.0559168764980145,정상,성산.지자기야장.23.04.12.xlsx
성산,2023-04-12,14:37:00,15:03:00,0.0,1.1384548607311444,-4.157359938612269,정상,성산.지자기야장.23.04.12.xlsx
성산,2023-04-12,14:58:00,15:24:00,0.0,2.980034116531897,-3.912911966234754,정상,성산.지자기야장.23.04.12(text).xlsx
성산,2023-04-12,15:14:00,15:37:00,1.0,4.079644858764368,-3.6482730052248487,정상,성산.지자기야장.23.04.12.xlsx
성산,2023-04-12,15:37:00,16:03:00,1.0,7.801411386753898,-3.2149065195985043,정상,성산.지자기야장.23.04.12(text).xlsx
성산,2023-04-12,16:14:00,16:37:00,1.0,9.208357973286184,-2.4836057837564165,정상,성산.지자기야장.23.04.12(text).xlsx
성산,2025-05-15,11:28:00,11:44:00,3.333,-32.325118173568626,-1.5352735987160016,정상,배포.지자기야장(25.05.15.0.~).성산점.xlsx
성산,2025-05-15,11:28:00,14:40:00,3.333,-17.768468323818524,-3.87917692570902,정상,배포.지자기야장(25.05.15.0.~).성산점.xlsx
성산,2025-05-15,12:02:00,12:17:00,3.667,-27.161937155520718,-3.302236130118169,정상,배포.지자기야장(25.05.15.0.~).성산점.xlsx
성산,2025-05-15,12:36:00,12:51:00,3.667,-25.634596951240383,-4.475372283743227,정상,배포.지자기야장(25.05.15.0.~).성산점.xlsx
성산,2025-05-15,13:26:00,13:40:00,3.667,-13.587776149179263,-4.569750452591512,정상,배포.지자기야장(25.05.15.0.~).성산점.xlsx
성산,2025-05-15,13:58:00,14:12:00,3.667,-5.381331891418085,-4.776794882363808,정상,배포.지자기야장(25.05.15.0.~).성산점.xlsx
성산,2025-05-15,14:35:00,14:49:00,3.667,2.4642253128113225,-3.874514817974856,정상,배포.지자기야장(25.05.15.0.~).성산점.xlsx
순천,2020-10-13,12:38:00,13:12:00,0.667,-4.808398719324032,-0.4315484914551048,정상,배포.지자기야장(20.10.13순천).xlsx
순천,2020-11-04,11:27:00,11:59:00,0.667,-16.381465509977716,1.8209454969418326,정상,배포.20.11.04_순천_야장(6).xlsx
순천,2020-11-04,12:30:00,12:57:00,0.333,-22.72235205542529,-0.42295570497134266,정상,배포.20.11.04_순천_야장(6).xlsx
순천,2020-11-04,13:22:00,13:41:00,0.333,-18.99679060318158,-2.1847335155539933,정상,배포.20.11.04_순천_야장(6).xlsx
순천,2020-11-04,14:03:00,14:20:00,0.333,-15.337536965336767,-2.716678237394779,정상,배포.20.11.04_순천_야장(6).xlsx
순천,2020-11-04,15:05:00,15:23:00,0.333,-7.7132141707334085,-2.474074912783153,정상,배포.20.11.04_순천_야장(6).xlsx
순천,2020-11-04,15:41:00,15:59:00,0.333,-3.0300266664708033,-1.9367061260160798,정상,배포.20.11.04_순천_야장(6).xlsx
순천,2023-04-26,11:19:00,11:36:00,2.667,-48.290178923125495,-0.3227270544024715,정상,배포.순천.지자기야장.23.xlsx
순천,2023-04-26,11:19:00,15:06:00,2.667,-37.443967676321336,-3.03112198833069,정상,배포.순천.지자기야장.23.xlsx
순천,2023-04-26,12:11:00,12:31:00,3.333,-49.97379733218986,-3.1395933473066373,정상,배포.순천.지자기야장.23.xlsx
순천,2023-04-26,12:52:00,13:10:00,3.333,-42.71155612005532,-3.8244840153660604,정상,배포.순천.지자기야장.23.xlsx
순천,2023-04-26,13:41:00,14:03:00,3.333,-32.01987142057624,-3.6467991593380837,정상,배포.순천.지자기야장.23.xlsx
순천,2023-04-26,14:30:00,14:45:00,3.333,-17.700242862149025,-3.4108467250239434,정상,배포.순천.지자기야장.23.xlsx
순천,2023-04-26,15:00:00,15:15:00,2.0,-12.020236333082721,-3.1530647501465294,정상,배포.순천.지자기야장.23.xlsx
순천,2025-04-02,11:43:00,12:02:00,3.667,-59.93050291874533,-0.6347312586452422,정상,배포.지자기야장(순천).250402ver.xlsx
순천,2025-04-02,11:43:00,16:03:00,3.667,-37.25539713197213,-4.703587287889724,정상,배포.지자기야장(순천).250402ver.xlsx
순천,2025-04-02,12:24:00,12:42:00,3.333,-52.095184583704395,-3.2382493772491396,정상,배포.지자기야장(순천).250402ver.xlsx
순천,2025-04-02,13:19:00,13:42:00,3.333,-40.21044188566157,-6.013637788165367,정상,배포.지자기야장(순천).250402ver.xlsx
순천,2025-04-02,14:23:00,14:40:00,3.333,-26.20498167000187,-6.330815743921897,정상,배포.지자기야장(순천).250402ver.xlsx
순천,2025-04-02,15:09:00,15:25:00,3.333,-25.829655686400656,-5.437426349254782,정상,배포.지자기야장(순천).250402ver.xlsx
순천,2025-04-02,15:58:00,16:13:00,3.333,-21.771664731284545,-3.825951996944386,정상,배포.지자기야장(순천).250402ver.xlsx
양산,2024-10-17,11:58:00,12:22:00,2.667,-36.666538300487446,0.4280074470317438,정상,배포.지자기야장(양산).24.10.17.ver24.1.xlsx
양산,2024-10-17,12:30:00,12:45:00,3.0,-36.5470418472687,-0.6728890652630751,정상,배포.지자기야장(양산).24.10.17.ver24.1.xlsx
양산,2024-10-17,13:21:00,13:41:00,3.0,-23.142352020862745,-2.9447795829625942,정상,배포.지자기야장(양산).24.10.17.ver24.1.xlsx
양산,2024-10-17,14:00:00,14:15:00,3.0,-21.64079760284949,-3.94023885782878,정상,배포.지자기야장(양산).24.10.17.ver24.1.xlsx
양산,2024-10-17,14:40:00,15:00:00,3.0,-19.54117355131166,-3.8087976289325707,정상,배포.지자기야장(양산).24.10.17.ver24.1.xlsx
양산,2024-10-17,15:01:00,15:14:00,1.667,-15.086103373185324,-3.6135174692529555,정상,배포.지자기야장(양산).24.10.17.ver24.1.xlsx
여주,2023-09-07,11:50:00,12:09:00,2.0,-30.130751924589276,-3.703125835569349,정상,여주.지자기야장.23.09.07.xlsx
여주,2023-09-07,11:50:00,15:10:00,2.0,-15.379933897143928,-4.718108425514343,정상,여주.지자기야장.23.09.07.xlsx
여주,2023-09-07,12:24:00,12:50:00,0.667,-24.025380221275555,-4.754777569324122,정상,여주.지자기야장.23.09.07.xlsx
여주,2023-09-07,13:10:00,13:33:00,0.667,-16.46703663776134,-5.37343935365536,정상,여주.지자기야장.23.09.07.xlsx
여주,2023-09-07,13:56:00,14:16:00,0.667,-8.335648257867433,-5.021899120446348,정상,여주.지자기야장.23.09.07.xlsx
여주,2023-09-07,14:35:00,14:58:00,0.667,-4.081356158581912,-4.297491278432973,정상,여주.지자기야장.23.09.07.xlsx
여주,2023-09-07,15:05:00,15:22:00,0.667,-1.222443707032653,-3.79336557053565,정상,여주.지자기야장.23.09.07.xlsx
여주,2025-04-30,10:40:00,11:21:00,3.333,-34.846344862169644,0.7492995366897289,정상,배포.지자기야장(여주).250430.xlsx
여주,2025-04-30,12:39:00,12:59:00,2.333,-19.106372146197828,-2.367419349223145,정상,배포.지자기야장(여주).250430.xlsx
여주,2025-04-30,13:23:00,13:44:00,2.333,-12.982565025769873,-3.6528898602803044,정상,배포.지자기야장(여주).250430.xlsx
여주,2025-04-30,14:07:00,14:23:00,2.333,-12.61458820187545,-4.232415611738077,정상,배포.지자기야장(여주).250430.xlsx
여주,2025-04-30,14:53:00,15:10:00,2.333,-16.3812727632685,-4.808484733011819,정상,배포.지자기야장(여주).250430.xlsx
여주,2025-04-30,15:38:00,15:53:00,2.667,-14.329270243200881,-4.7905006977946325,정상,배포.지자기야장(여주).250430.xlsx
영천,2024-10-31,10:52:00,11:17:00,0.667,-22.72149749554228,1.1886823850076078,정상,배포.지자기야장.영천(2024.10.31).ver24.xlsx
영천,2024-10-31,11:43:00,12:01:00,0.667,-28.175291217856284,-0.47337474497737053,정상,배포.지자기야장.영천(2024.10.31).ver24.xlsx
영천,2024-10-31,12:40:00,12:58:00,0.667,-27.86134512796707,-3.1275993788201175,정상,배포.지자기야장.영천(2024.10.31).ver24.xlsx
영천,2024-10-31,13:24:00,13:43:00,0.667,-18.916775009507546,-4.312846871315111,정상,배포.지자기야장.영천(2024.10.31).ver24.xlsx
영천,2024-10-31,14:12:00,14:39:00,0.667,-13.218736764290952,-4.534635749177141,정상,배포.지자기야장.영천(2024.10.31).ver24.xlsx
영천,2024-10-31,15:06:00,15:24:00,1.333,-7.021888490380661,-3.686509432279695,정상,배포.지자기야장.영천(2024.10.31).ver24.xlsx
이원,2019-05-21,13:46:00,14:06:00,1.0,-4.163041692765546,-3.60768766516613,정상,2019.5.21~23.이원 야장기록.xlsx
이원,2019-05-21,14:21:00,14:38:00,1.0,-0.9188946588183171,-3.4328441127938,정상,2019.5.21~23.이원 야장기록.xlsx
이원,2019-05-22,10:10:00,10:32:00,0.333,-15.78994401700038,1.7047375513436507,정상,2019.5.21~23.이원 야장기록.xlsx
이원,2019-05-22,10:44:00,11:05:00,0.333,-17.604673089794233,0.5382362936548776,정상,2019.5.21~23.이원 야장기록.xlsx
이원,2024-09-05,11:47:00,12:16:00,1.333,-34.58160375384614,-2.9886067785183275,정상,배포.지자기야장.이원(2024.9.5).xlsx
이원,2024-09-05,12:29:00,12:53:00,1.333,-25.205429681271198,-4.897860726571299,정상,배포.지자기야장.이원(2024.9.5).xlsx
이원,2024-09-05,13:03:00,13:19:00,1.333,-17.063791397915338,-5.067330159387472,정상,배포.지자기야장.이원(2024.9.5).xlsx
이원,2024-09-05,13:37:00,13:53:00,1.333,-7.9465130863609375,-4.520584858988973,정상,배포.지자기야장.이원(2024.9.5).xlsx
이원,2024-09-05,14:22:00,14:37:00,1.333,4.455876788022579,-4.353599577008047,정상,배포.지자기야장.이원(2024.9.5).xlsx
이원,2024-09-05,15:00:00,15:16:00,0.667,9.426290914416313,-3.830134495250358,정상,배포.지자기야장.이원(2024.9.5).xlsx
임계,2022-10-12,13:17:00,13:34:00,0.0,-4.46964586568356,-0.3979980227062003,정상,복사본 배포.임계_지자기야장(22.10.12).xlsx
임계,2022-10-12,13:17:00,16:35:00,0.0,-0.47362114182760706,-0.4736819959507919,정상,복사본 배포.임계_지자기야장(22.10.12).xlsx
임계,2022-10-12,13:49:00,14:02:00,0.0,-2.6503662592731416,-0.5482546731021124,정상,복사본 배포.임계_지자기야장(22.10.12).xlsx
임계,2022-10-12,14:34:00,14:45:00,0.0,-0.36255140351568116,-0.5613778389259612,정상,복사본 배포.임계_지자기야장(22.10.12).xlsx
임계,2022-10-12,15:19:00,15:31:00,0.333,1.265771561920701,-0.499958392944885,정상,복사본 배포.임계_지자기야장(22.10.12).xlsx
임계,2022-10-12,16:00:00,16:12:00,0.333,1.4032990794657962,-0.36393259719610915,정상,복사본 배포.임계_지자기야장(22.10.12).xlsx
임계,2022-10-12,16:30:00,16:43:00,0.333,0.9721517789148493,-0.2578647045703068,정상,복사본 배포.임계_지자기야장(22.10.12).xlsx
장흥,2019-10-22,10:06:00,10:25:00,0.0,-5.933476907579461,1.570826759498908,정상,2019.10.21-23.장흥.지자기야장.xlsx
장흥,2019-10-22,10:46:00,11:00:00,0.0,-7.624302876989532,1.3373267712853039,정상,2019.10.21-23.장흥.지자기야장.xlsx
장흥,2019-10-22,11:34:00,11:46:00,0.0,-7.084488107488141,0.558092999597171,정상,2019.10.21-23.장흥.지자기야장.xlsx
장흥,2019-10-22,13:00:00,13:16:00,0.333,-4.256722155107127,-1.9197339981689032,정상,2019.10.21-23.장흥.지자기야장.xlsx
장흥,2019-10-22,13:10:00,14:07:00,0.333,-0.6003560969547834,-2.2638818727172483,정상,2019.10.21-23.장흥.지자기야장.xlsx
장흥,2019-10-22,13:30:00,13:43:00,0.333,0.04955900798813673,-2.302668794681713,정상,2019.10.21-23.장흥.지자기야장.xlsx
포천,2020-10-20,15:01:00,16:04:00,0.667,-2.9348520483108587,-1.2660438982784479,정상,2020.10.20_포천_지자기야장.xlsx
포천,2020-10-20,16:22:00,16:55:00,0.667,-1.0937077059497824,-0.6770853276406066,정상,2020.10.20_포천_지자기야장.xlsx
포천,2020-10-20,17:00:00,17:22:00,0.667,-1.4233312692667823,-0.42849987286067515,정상,2020.10.20_포천_지자기야장.xlsx
포천,2020-10-21,10:33:00,10:58:00,2.333,-10.622757625256781,1.5141793232430982,정상,2020.10.20_포천_지자기야장.xlsx
포천,2020-10-21,11:25:00,11:47:00,2.333,-14.399320696364157,0.5327193796564316,정상,2020.10.20_포천_지자기야장.xlsx
포천,2020-10-21,12:03:00,12:23:00,2.333,-14.9276896858064,-0.4970474892618422,정상,2020.10.20_포천_지자기야장.xlsx
포천,2023-05-25,11:04:00,11:29:00,3.0,-53.08475321872538,-1.3254875679883642,정상,배포.포천.지자기야장.23.05.25.xlsx
포천,2023-05-25,12:00:00,12:19:00,2.667,-43.88713036435365,-5.09539515420215,정상,배포.포천.지자기야장.23.05.25.xlsx
포천,2023-05-25,12:50:00,13:09:00,2.667,-29.31994708232378,-6.967302601899451,정상,배포.포천.지자기야장.23.05.25.xlsx
포천,2023-05-25,13:29:00,13:44:00,2.667,-18.036881953994452,-6.795554263872486,정상,배포.포천.지자기야장.23.05.25.xlsx
포천,2023-05-25,14:01:00,14:15:00,2.667,-8.52736123570503,-6.100651601771066,정상,배포.포천.지자기야장.23.05.25.xlsx
포천,2023-05-25,14:30:00,14:45:00,2.667,-4.3359097725042375,-5.584660415747383,정상,배포.포천.지자기야장.23.05.25.xlsx
포천,2025-05-27,11:16:00,11:31:00,2.0,-30.550593024105183,0.5549958166862888,정상,배포.지자기야장(25.05.27).포천점.xlsx
포천,2025-05-27,11:42:00,11:59:00,2.0,-32.84519675112824,-0.26828158859842277,정상,배포.지자기야장(25.05.27).포천점.xlsx
포천,2025-05-27,12:23:00,12:39:00,2.0,-33.69400192968169,-2.3148830149940673,정상,배포.지자기야장(25.05.27).포천점.xlsx
포천,2025-05-27,13:04:00,13:20:00,2.0,-26.768469844515494,-3.3160418775093414,정상,배포.지자기야장(25.05.27).포천점.xlsx
포천,2025-05-27,14:06:00,14:25:00,2.0,-21.42878529887821,-4.470794700000429,정상,배포.지자기야장(25.05.27).포천점.xlsx
포천,2025-05-27,14:47:00,15:02:00,2.0,-14.698629620019346,-3.8570448124468664,정상,배포.지자기야장(25.05.27).포천점.xlsx
함양,2020-11-16,15:08:00,15:27:00,0.0,-2.7227872620424023,-2.3694225253199814,정상,배포_지자기야장.20.11.16_함양.xlsx
함양,2020-11-16,15:50:00,16:10:00,0.0,2.0918092509236885,-1.3833271139846204,정상,배포_지자기야장.20.11.16_함양.xlsx
함양,2020-11-16,16:22:00,16:35:00,0.0,4.611995552942972,-0.6078560404567723,정상,배포_지자기야장.20.11.16_함양.xlsx
함양,2020-11-17,09:10:00,09:27:00,0.0,10.880757831124356,1.1577435295401843,정상,배포_지자기야장.20.11.16_함양.xlsx
함양,2020-11-17,10:05:00,10:17:00,0.0,6.825084739473823,1.8289398161246673,정상,배포_지자기야장.20.11.16_함양.xlsx
함양,2020-11-17,10:31:00,10:42:00,0.0,3.4776519097868004,1.91496493445054,정상,배포_지자기야장.20.11.16_함양.xlsx
함양,2023-09-13,10:22:00,10:40:00,4.667,-50.31835584602959,-2.942679076384484,정상,함양.지자기야장.23.09.12.xlsx
함양,2023-09-13,10:48:00,11:04:00,4.667,-50.14221613218251,-4.439810519073061,정상,함양.지자기야장.23.09.12.xlsx
함양,2023-09-13,11:15:00,11:38:00,4.667,-47.61326360714156,-6.0841965927894135,정상,함양.지자기야장.23.09.12.xlsx
함양,2023-09-13,11:57:00,12:18:00,4.667,-39.189809102179424,-6.4602604380508275,정상,함양.지자기야장.23.09.12.xlsx
함양,2023-09-13,12:28:00,12:45:00,3.667,-32.74914966447977,-6.920434557871919,정상,함양.지자기야장.23.09.12.xlsx
함양,2023-09-13,12:57:00,13:14:00,3.667,-32.18631465829094,-7.250152608013315,정상,함양.지자기야장.23.09.12.xlsx
함양,2025-10-29,11:28:00,11:46:00,2.333,-27.68340347629419,-0.11153470443953958,정상,배포.지자기야장(25.10.30.).함양점.xlsx
함양,2025-10-29,12:09:00,12:26:00,2.667,-35.15178504445794,-1.5585393190397965,정상,배포.지자기야장(25.10.30.).함양점.xlsx
함양,2025-10-29,13:10:00,13:25:00,2.667,-25.964235459869087,-4.228969215284334,정상,배포.지자기야장(25.10.30.).함양점.xlsx
함양,2025-10-29,13:58:00,14:15:00,2.667,-16.982821087396587,-4.381245009009137,정상,배포.지자기야장(25.10.30.).함양점.xlsx
함양,2025-10-29,14:45:00,15:01:00,2.667,-13.696315589819278,-3.532834835382636,정상,배포.지자기야장(25.10.30.).함양점.xlsx
함양,2025-10-29,15:29:00,15:44:00,3.333,-17.530350362532772,-2.4024790868118813,정상,배포.지자기야장(25.10.30.).함양점.xlsx
