측점,날짜,시작,종료,편각구간,복각구간,관측수,F_nT,위도,경도,이상,파일,시트
가야,2022-09-19,16:15:00,16:40:00,16:15~16:25,16:30~16:40,8,49541.597,35.80078258333333,128.18765805555557,,2022.09.19.지자기야장(가야).xlsx,간편야장출력
가야,2022-09-19,16:52:00,17:13:00,16:52~17:00,17:03~17:13,8,49541.597,35.80078258333333,128.18765805555557,,2022.09.19.지자기야장(가야).xlsx,간편야장출력
가야,2022-09-19,17:37:00,17:56:00,17:37~17:44,17:47~17:56,8,49541.597,35.80078258333333,128.18765805555557,,2022.09.19.지자기야장(가야).xlsx,간편야장출력
가야,2022-09-20,11:24:00,11:49:00,11:24~11:32,11:42~11:49,8,49512.366,35.80078258333333,128.18765805555557,,2022.09.19.지자기야장(가야).xlsx,간편야장출력
가야,2022-09-20,12:02:00,12:19:00,12:02~12:09,12:12~12:19,8,49512.366,35.80078258333333,128.18765805555557,,2022.09.19.지자기야장(가야).xlsx,간편야장출력
가야,2022-09-20,12:37:00,12:51:00,12:37~12:43,12:46~12:51,8,49512.366,35.80078258333333,128.18765805555557,,2022.09.19.지자기야장(가야).xlsx,간편야장출력
가야,2024-09-12,11:06:00,11:22:00,11:06~11:12,11:15~11:22,8,49583.114,35.80078258333333,128.18765805555557,,배포_지자기야장.가야(2024.09.12.측정).xlsx,가야24.9.12측정
가야,2024-09-12,12:00:00,12:17:00,12:00~12:06,12:10~12:17,8,49586.425,35.80078258333333,128.18765805555557,,배포_지자기야장.가야(2024.09.12.측정).xlsx,가야24.9.12측정
가야,2024-09-12,12:48:00,13:08:00,12:48~12:56,13:01~13:08,8,49614.601,35.80078258333333,128.18765805555557,,배포_지자기야장.가야(2024.09.12.측정).xlsx,가야24.9.12측정
가야,2024-09-12,13:39:00,13:57:00,13:39~13:45,13:50~13:57,8,49619.901,35.80078258333333,128.18765805555557,,배포_지자기야장.가야(2024.09.12.측정).xlsx,가야24.9.12측정
가야,2024-09-12,14:16:00,14:42:00,14:16~14:22,14:36~14:42,8,49621.91,35.80078258333333,128.18765805555557,,배포_지자기야장.가야(2024.09.12.측정).xlsx,가야24.9.12측정
가야,2024-09-12,15:00:00,15:18:00,15:00~15:07,15:11~15:18,8,49621.91,35.80078258333333,128.18765805555557,,배포_지자기야장.가야(2024.09.12.측정).xlsx,가야24.9.12측정
강화,2024-04-17,12:32:00,12:54:00,12:32~12:39,12:46~12:54,8,51502.51,37.66612411111111,126.47877522222223,,배포.지자기야장(강화점)24.04.16-18.xlsx,간편야장출력
강화,2024-04-17,13:26:00,13:48:00,13:26~13:33,13:38~13:48,8,51517.12,37.66612411111111,126.47877522222223,,배포.지자기야장(강화점)24.04.16-18.xlsx,간편야장출력
강화,2024-04-17,14:21:00,14:38:00,14:21~14:27,14:32~14:38,8,51532.6,37.66612411111111,126.47877522222223,,배포.지자기야장(강화점)24.04.16-18.xlsx,간편야장출력
강화,2024-04-17,15:03:00,15:55:00,15:40~15:46,15:03~15:55,8,51544.96,37.66612411111111,126.47877522222223,복각시각이 편각보다 43분 빠름,배포.지자기야장(강화점)24.04.16-18.xlsx,간편야장출력
강화,2024-04-17,15:07:00,15:25:00,15:07~15:14,15:18~15:25,8,51544.96,37.66612411111111,126.47877522222223,,배포.지자기야장(강화점)24.04.16-18.xlsx,간편야장출력
강화,2024-04-17,16:10:00,16:27:00,16:10~16:16,16:20~16:27,8,51544.96,37.66612411111111,126.47877522222223,,배포.지자기야장(강화점)24.04.16-18.xlsx,간편야장출력
거제,2019-06-18,16:10:00,16:27:00,16:10~16:15,16:20~16:27,8,49196.908,34.870305555555554,128.59286111111112,,남지.거제 지자기 야장 문서.xlsx,거제.야장출력
거제,2019-06-18,16:45:00,17:01:00,16:45~16:52,16:55~17:01,8,49196.908,34.870305555555554,128.59286111111112,,남지.거제 지자기 야장 문서.xlsx,거제.야장출력
거제,2019-06-19,11:01:00,11:20:00,11:01~11:10,11:15~11:20,8,49196.908,34.870305555555554,128.59286111111112,,남지.거제 지자기 야장 문서.xlsx,거제.야장출력
거제,2019-06-19,11:42:00,12:04:00,11:42~11:48,11:58~12:04,8,49196.908,34.870305555555554,128.59286111111112,,남지.거제 지자기 야장 문서.xlsx,거제.야장출력
거제,2024-10-24,11:07:00,11:25:00,11:07~11:13,11:15~11:25,8,49337.755,34.870311055555554,128.59286175,,배포.지자기(거제)점(2024.10.24).ver24..xlsx,간편야장출력
거제,2024-10-24,11:07:00,15:06:00,11:07~15:06,,24,,34.870311055555554,128.59286175,,배포.지자기(거제)점(2024.10.24).ver24..xlsx,간편야장출력
거제,2024-10-24,11:40:00,11:55:00,11:40~11:46,11:50~11:55,8,49332.426,34.870311055555554,128.59286175,,배포.지자기(거제)점(2024.10.24).ver24..xlsx,간편야장출력
거제,2024-10-24,12:31:00,12:52:00,12:31~12:38,12:43~12:52,8,49300.947,34.870311055555554,128.59286175,,배포.지자기(거제)점(2024.10.24).ver24..xlsx,간편야장출력
거제,2024-10-24,13:10:00,13:33:00,13:10~13:16,13:24~13:33,8,49340.351,34.870311055555554,128.59286175,,배포.지자기(거제)점(2024.10.24).ver24..xlsx,간편야장출력
거제,2024-10-24,14:07:00,14:29:00,14:07~14:15,14:20~14:29,8,49350.864,34.870311055555554,128.59286175,,배포.지자기(거제)점(2024.10.24).ver24..xlsx,간편야장출력
거제,2024-10-24,15:00:00,15:16:00,15:00~15:06,15:10~15:16,8,49350.864,34.870311055555554,128.59286175,,배포.지자기(거제)점(2024.10.24).ver24..xlsx,간편야장출력
경주,2020-11-17,13:24:00,13:45:00,13:24~13:30,13:35~13:45,7,49717.603,35.915277777777774,129.15722222222223,,배포.지자기야장.20.11.17_경주.xlsx,경주11.17야장
경주,2020-11-17,14:02:00,14:19:00,14:02~14:06,14:12~14:19,8,49717.603,35.915277777777774,129.15722222222223,,배포.지자기야장.20.11.17_경주.xlsx,경주11.17야장
경주,2020-11-17,14:35:00,14:50:00,14:35~14:39,14:43~14:50,8,49717.603,35.915277777777774,129.15722222222223,,배포.지자기야장.20.11.17_경주.xlsx,경주11.17야장
경주,2020-11-18,10:20:00,10:35:00,10:20~10:25,10:29~10:35,8,49717.603,35.915277777777774,129.15722222222223,,배포.지자기야장.20.11.17_경주.xlsx,경주11.17야장
경주,2020-11-18,10:55:00,11:10:00,10:55~10:59,11:05~11:10,8,49717.603,35.915277777777774,129.15722222222223,,배포.지자기야장.20.11.17_경주.xlsx,경주11.17야장
경주,2020-11-18,11:30:00,11:47:00,11:30~11:34,11:38~11:47,8,49717.603,35.915277777777774,129.15722222222223,,배포.지자기야장.20.11.17_경주.xlsx,경주11.17야장
남지,2019-06-24,15:41:00,16:02:00,15:41~15:46,15:55~16:02,8,49506.378,35.436166666666665,128.47383333333335,,남지.거제 지자기 야장 문서.xlsx,남지.야장출력
남지,2019-06-25,09:45:00,10:02:00,09:45~09:51,09:55~10:02,7,49469.466,35.436166666666665,128.47383333333335,,남지.거제 지자기 야장 문서.xlsx,남지.야장출력
남지,2019-06-25,10:39:00,10:52:00,10:39~10:43,10:47~10:52,8,49469.466,35.436166666666665,128.47383333333335,,남지.거제 지자기 야장 문서.xlsx,남지.야장출력
미원,2019-05-14,13:24:00,13:49:00,13:24~13:37,13:42~13:49,8,50567.602,36.72499217,127.5862252,,2019.5.14~17.미원 야장기록.xlsx,미원야장출력
미원,2019-05-14,14:20:00,14:42:00,14:20~14:28,14:33~14:42,8,50567.602,36.72499217,127.5862252,,2019.5.14~17.미원 야장기록.xlsx,미원야장출력
미원,2019-05-15,10:30:00,10:49:00,10:30~10:38,10:42~10:49,7,50536.487,36.72499217,127.5862252,,2019.5.14~17.미원 야장기록.xlsx,미원야장출력
미원,2019-05-15,11:11:00,11:28:00,11:11~11:17,11:21~11:28,8,50536.487,36.72499217,127.5862252,,2019.5.14~17.미원 야장기록.xlsx,미원야장출력
미원,2019-05-15,11:59:00,12:14:00,11:59~12:05,12:07~12:14,8,50536.487,36.72499217,127.5862252,,2019.5.14~17.미원 야장기록.xlsx,미원야장출력
미원,2024-05-01,11:40:00,12:02:00,11:40~11:46,11:52~12:02,8,50689.02,36.72502872222223,127.58622902777778,,배포_지자기야장.미원점(24.5.1).ver24.xlsx,미원지자기야장
미원,2024-05-01,12:20:00,12:40:00,12:20~12:26,12:33~12:40,8,50701.37,36.72502872222223,127.58622902777778,,배포_지자기야장.미원점(24.5.1).ver24.xlsx,미원지자기야장
미원,2024-05-01,13:02:00,13:29:00,13:02~13:11,13:21~13:29,8,50710.05,36.72502872222223,127.58622902777778,,배포_지자기야장.미원점(24.5.1).ver24.xlsx,미원지자기야장
미원,2024-05-01,13:51:00,14:13:00,13:51~14:00,14:06~14:13,8,50714.7,36.72502872222223,127.58622902777778,,배포_지자기야장.미원점(24.5.1).ver24.xlsx,미원지자기야장
미원,2024-05-01,14:33:00,14:52:00,14:33~14:40,14:45~14:52,8,50721.55,36.72502872222223,127.58622902777778,,배포_지자기야장.미원점(24.5.1).ver24.xlsx,미원지자기야장
미원,2024-05-01,15:14:00,15:35:00,15:14~15:20,15:29~15:35,8,50718.92,36.72502872222223,127.58622902777778,,배포_지자기야장.미원점(24.5.1).ver24.xlsx,미원지자기야장
부안,2020-09-15,12:40:00,13:10:00,12:40~12:47,13:01~13:10,8,50503.0,35.587746583333335,126.71615008333333,,2020.09.15_부안_지자기야장.xlsx,간편야장출력
부안,2020-09-15,12:40:00,12:47:00,12:40~12:47,,4,,35.587746583333335,126.71615008333333,,2020.09.15_부안_지자기야장.xlsx,간편야장출력
부안,2020-11-03,11:11:00,11:33:00,11:11~11:17,11:26~11:33,8,50508.414,35.58774675,126.71615016666667,,배포.20.11.03_부안_야장(6).xlsx,간편야장출력
부안,2020-11-03,11:45:00,12:03:00,11:45~11:51,11:55~12:03,8,50508.414,35.58774675,126.71615016666667,,배포.20.11.03_부안_야장(6).xlsx,간편야장출력
부안,2020-11-03,12:15:00,12:30:00,12:15~12:19,12:23~12:30,8,50508.414,35.58774675,126.71615016666667,,배포.20.11.03_부안_야장(6).xlsx,간편야장출력
부안,2020-11-03,13:02:00,13:20:00,13:02~13:10,13:14~13:20,8,50508.414,35.58774675,126.71615016666667,,배포.20.11.03_부안_야장(6).xlsx,간편야장출력
부안,2020-11-03,13:30:00,13:47:00,13:30~13:36,13:40~13:47,8,50508.414,35.58774675,126.71615016666667,,배포.20.11.03_부안_야장(6).xlsx,간편야장출력
부안,2020-11-03,14:00:00,14:18:00,14:00~14:06,14:10~14:18,8,50508.414,35.58774675,126.71615016666667,,배포.20.11.03_부안_야장(6).xlsx,간편야장출력
부안,2023-11-01,11:36:00,12:01:00,11:36~11:45,11:53~12:01,8,50583.55,35.58774675,126.71615016666667,,배포.부안.지자기야장.23.10.31.xlsx,부안
부안,2023-11-01,12:15:00,12:31:00,12:15~12:21,12:25~12:31,8,50599.73,35.58774675,126.71615016666667,,배포.부안.지자기야장.23.10.31.xlsx,부안
부안,2023-11-01,13:03:00,13:22:00,13:03~13:10,13:15~13:22,8,50609.75,35.58774675,126.71615016666667,,배포.부안.지자기야장.23.10.31.xlsx,부안
부안,2023-11-01,13:40:00,13:56:00,13:40~13:45,13:49~13:56,8,50617.88,35.58774675,126.71615016666667,,배포.부안.지자기야장.23.10.31.xlsx,부안
부안,2023-11-01,14:15:00,14:35:00,14:15~14:22,14:28~14:35,8,50617.88,35.58774675,126.71615016666667,,배포.부안.지자기야장.23.10.31.xlsx,부안
부안,2023-11-01,14:40:00,14:58:00,14:40~14:47,14:50~14:58,7,50617.88,35.58774675,126.71615016666667,,배포.부안.지자기야장.23.10.31.xlsx,부안
부안,2025-11-04,11:26:00,11:55:00,11:26~11:32,11:49~11:55,8,50680.57,35.58774694444445,126.71615038888889,,배포.지자기야장(25.11.4).부안점.xlsx,25.11.4.부안야장
부안,2025-11-04,12:27:00,12:44:00,12:27~12:33,12:38~12:44,8,50682.94,35.58774694444445,126.71615038888889,,배포.지자기야장(25.11.4).부안점.xlsx,25.11.4.부안야장
부안,2025-11-04,13:19:00,13:34:00,13:19~13:24,13:29~13:34,8,50677.61,35.58774694444445,126.71615038888889,,배포.지자기야장(25.11.4).부안점.xlsx,25.11.4.부안야장
부안,2025-11-04,13:59:00,14:21:00,13:59~14:06,14:15~14:21,8,50678.61,35.58774694444445,126.71615038888889,,배포.지자기야장(25.11.4).부안점.xlsx,25.11.4.부안야장
부안,2025-11-04,14:50:00,15:07:00,14:50~14:55,15:02~15:07,8,50673.8,35.58774694444445,126.71615038888889,,배포.지자기야장(25.11.4).부안점.xlsx,25.11.4.부안야장
부안,2025-11-04,15:26:00,15:43:00,15:26~15:31,15:36~15:43,8,50675.26,35.58774694444445,126.71615038888889,,배포.지자기야장(25.11.4).부안점.xlsx,25.11.4.부안야장
상주,2020-10-27,16:26:00,16:45:00,16:26~16:32,16:38~16:45,8,50454.501,36.35528847222222,128.11048144444445,,배포.20.10.27_상주_야장(6).xlsx,간편야장출력
상주,2020-10-27,17:02:00,17:25:00,17:02~17:10,17:15~17:25,7,50454.501,36.35528847222222,128.11048144444445,,배포.20.10.27_상주_야장(6).xlsx,간편야장출력
상주,2020-10-27,17:30:00,17:46:00,17:30~17:36,17:40~17:46,8,50454.501,36.35528847222222,128.11048144444445,,배포.20.10.27_상주_야장(6).xlsx,간편야장출력
상주,2020-10-28,10:57:00,11:16:00,10:57~11:04,11:09~11:16,7,50450.988,36.35528847222222,128.11048144444445,,배포.20.10.27_상주_야장(6).xlsx,간편야장출력
상주,2020-10-28,11:33:00,11:53:00,11:33~11:40,11:43~11:53,7,50450.988,36.35528847222222,128.11048144444445,,배포.20.10.27_상주_야장(6).xlsx,간편야장출력
상주,2020-10-28,12:10:00,12:27:00,12:10~12:16,12:20~12:27,8,50450.988,36.35528847222222,128.11048144444445,,배포.20.10.27_상주_야장(6).xlsx,간편야장출력
상주,2023-10-11,11:51:00,12:11:00,11:51~11:57,12:02~12:11,8,50530.533,36.35528841666667,128.11048069444445,,상주.지자기야장.23.10.11.xlsx,간편야장출력
상주,2023-10-11,12:26:00,12:45:00,12:26~12:31,12:38~12:45,8,50536.027,36.35528841666667,128.11048069444445,,상주.지자기야장.23.10.11.xlsx,간편야장출력
상주,2023-10-11,13:15:00,13:34:00,13:15~13:23,13:28~13:34,8,50539.353,36.35528841666667,128.11048069444445,,상주.지자기야장.23.10.11.xlsx,간편야장출력
상주,2023-10-11,14:04:00,14:24:00,14:04~14:11,14:16~14:24,8,50547.858,36.35528841666667,128.11048069444445,,상주.지자기야장.23.10.11.xlsx,간편야장출력
상주,2023-10-11,14:40:00,14:56:00,14:40~14:47,14:50~14:56,8,50538.443,36.35528841666667,128.11048069444445,,상주.지자기야장.23.10.11.xlsx,간편야장출력
상주,2023-10-11,15:10:00,15:24:00,15:10~15:15,15:18~15:24,8,50538.443,36.35528841666667,128.11048069444445,,상주.지자기야장.23.10.11.xlsx,간편야장출력
상주,2025-09-24,10:30:00,10:51:00,10:30~10:35,10:45~10:51,8,50553.83,36.35528841666667,128.11048069444445,,배포.지자기야장(25.9.25).상주점.ver.xlsx,25.9.24상주점
상주,2025-09-24,11:04:00,11:19:00,11:04~11:09,11:13~11:19,8,50547.51,36.35528841666667,128.11048069444445,,배포.지자기야장(25.9.25).상주점.ver.xlsx,25.9.24상주점
상주,2025-09-24,11:44:00,12:02:00,11:44~11:50,11:56~12:02,8,50543.06,36.35528841666667,128.11048069444445,,배포.지자기야장(25.9.25).상주점.ver.xlsx,25.9.24상주점
상주,2025-09-24,12:36:00,12:53:00,12:36~12:42,12:47~12:53,8,50552.34,36.35528841666667,128.11048069444445,,배포.지자기야장(25.9.25).상주점.ver.xlsx,25.9.24상주점
상주,2025-09-24,13:34:00,13:49:00,13:34~13:39,13:43~13:49,7,50571.02,36.35528841666667,128.11048069444445,,배포.지자기야장(25.9.25).상주점.ver.xlsx,25.9.24상주점
상주,2025-09-24,14:32:00,14:46:00,14:32~14:36,14:41~14:46,8,50592.29,36.35528841666667,128.11048069444445,,배포.지자기야장(25.9.25).상주점.ver.xlsx,25.9.24상주점
성산,2019-09-18,,,,,0,,,,,2019.9.18~19지자기야장(성산).xlsx,야장출력결과
성산,2023-04-12,10:38:00,11:03:00,10:38~10:48,10:55~11:03,8,48891.625,33.524479916666664,126.89416197222224,,성산.지자기야장.23.04.12(text).xlsx,간편야장출력
성산,2023-04-12,11:29:00,11:56:00,11:29~11:33,11:50~11:56,8,48891.625,33.524479916666664,126.89416197222224,,성산.지자기야장.23.04.12(text).xlsx,간편야장출력
성산,2023-04-12,11:38:00,12:03:00,11:38~11:48,11:55~12:03,8,48891.625,33.524479916666664,126.89416197222224,,성산.지자기야장.23.04.12.xlsx,간편야장출력
성산,2023-04-12,12:29:00,12:56:00,12:29~12:33,12:50~12:56,8,48891.625,33.524479916666664,126.89416197222224,,성산.지자기야장.23.04.12.xlsx,간편야장출력
성산,2023-04-12,13:11:00,13:40:00,13:11~13:17,13:32~13:40,8,48891.625,33.524479916666664,126.89416197222224,,성산.지자기야장.23.04.12.xlsx,간편야장출력
성산,2023-04-12,13:12:00,13:40:00,13:12~13:17,13:32~13:40,8,48891.625,33.524479916666664,126.89416197222224,,성산.지자기야장.23.04.12(text).xlsx,간편야장출력
성산,2023-04-12,13:58:00,14:24:00,13:58~14:06,14:13~14:24,8,48922.013,33.524479916666664,126.89416197222224,,성산.지자기야장.23.04.12.xlsx,간편야장출력
성산,2023-04-12,14:37:00,15:03:00,14:37~14:44,14:54~15:03,8,48929.343,33.524479916666664,126.89416197222224,,성산.지자기야장.23.04.12.xlsx,간편야장출력
성산,2023-04-12,14:58:00,15:24:00,14:58~15:06,15:13~15:24,8,48922.013,33.524479916666664,126.89416197222224,,성산.지자기야장.23.04.12(text).xlsx,간편야장출력
성산,2023-04-12,15:14:00,15:37:00,15:14~15:23,15:28~15:37,8,48933.408,33.524479916666664,126.89416197222224,,성산.지자기야장.23.04.12.xlsx,간편야장출력
성산,2023-04-12,15:37:00,16:03:00,15:37~15:44,15:54~16:03,8,48929.343,33.524479916666664,126.89416197222224,,성산.지자기야장.23.04.12(text).xlsx,간편야장출력
성산,2023-04-12,16:14:00,16:37:00,16:14~16:23,16:28~16:37,8,48933.408,33.524479916666664,126.89416197222224,,성산.지자기야장.23.04.12(text).xlsx,간편야장출력
성산,2025-05-15,11:28:00,11:44:00,11:28~11:35,11:37~11:44,8,48995.89,33.52447986111111,126.89416197222224,,배포.지자기야장(25.05.15.0.~).성산점.xlsx,성산야장
성산,2025-05-15,11:28:00,14:40:00,11:28~14:40,,24,,33.52447986111111,126.89416197222224,,배포.지자기야장(25.05.15.0.~).성산점.xlsx,성산야장
성산,2025-05-15,12:02:00,12:17:00,12:02~12:08,12:12~12:17,8,49003.96,33.52447986111111,126.89416197222224,,배포.지자기야장(25.05.15.0.~).성산점.xlsx,성산야장
성산,2025-05-15,12:36:00,12:51:00,12:36~12:42,12:45~12:51,8,49000.72,33.52447986111111,126.89416197222224,,배포.지자기야장(25.05.15.0.~).성산점.xlsx,성산야장
성산,2025-05-15,13:26:00,13:40:00,13:26~13:30,13:35~13:40,8,49008.94,33.52447986111111,126.89416197222224,,배포.지자기야장(25.05.15.0.~).성산점.xlsx,성산야장
성산,2025-05-15,13:58:00,14:12:00,13:58~14:03,14:07~14:12,8,49016.11,33.52447986111111,126.89416197222224,,배포.지자기야장(25.05.15.0.~).성산점.xlsx,성산야장
성산,2025-05-15,14:35:00,14:49:00,14:35~14:40,14:44~14:49,8,49022.53,33.52447986111111,126.89416197222224,,배포.지자기야장(25.05.15.0.~).성산점.xlsx,성산야장
순천,2020-10-13,12:38:00,13:12:00,12:38~12:48,13:05~13:12,8,49418.666,34.787055555555554,127.30494444444444,,배포.지자기야장(20.10.13순천).xlsx,간편야장출력
순천,2020-11-04,11:27:00,11:59:00,11:27~11:33,11:49~11:59,8,49467.885,34.78709383333333,127.30496619444445,,배포.20.11.04_순천_야장(6).xlsx,간편야장출력
순천,2020-11-04,12:30:00,12:57:00,12:30~12:41,12:44~12:57,8,49467.885,34.78709383333333,127.30496619444445,,배포.20.11.04_순천_야장(6).xlsx,간편야장출력
순천,2020-11-04,13:22:00,13:41:00,13:22~13:27,13:34~13:41,8,49467.885,34.78709383333333,127.30496619444445,,배포.20.11.04_순천_야장(6).xlsx,간편야장출력
순천,2020-11-04,14:03:00,14:20:00,14:03~14:09,14:13~14:20,8,49467.885,34.78709383333333,127.30496619444445,,배포.20.11.04_순천_야장(6).xlsx,간편야장출력
순천,2020-11-04,15:05:00,15:23:00,15:05~15:11,15:15~15:23,8,49467.885,34.78709383333333,127.30496619444445,,배포.20.11.04_순천_야장(6).xlsx,간편야장출력
순천,2020-11-04,15:41:00,15:59:00,15:41~15:48,15:52~15:59,8,49467.885,34.78709383333333,127.30496619444445,,배포.20.11.04_순천_야장(6).xlsx,간편야장출력
순천,2023-04-26,11:19:00,11:36:00,11:19~11:25,11:28~11:36,8,49684.289,34.78709383333333,127.30496619444445,,배포.순천.지자기야장.23.xlsx,간편야장출력
순천,2023-04-26,11:19:00,15:06:00,11:19~15:06,,24,,34.78709383333333,127.30496619444445,,배포.순천.지자기야장.23.xlsx,간편야장출력
순천,2023-04-26,12:11:00,12:31:00,12:11~12:17,12:23~12:31,8,49685.703,34.78709383333333,127.30496619444445,,배포.순천.지자기야장.23.xlsx,간편야장출력
순천,2023-04-26,12:52:00,13:10:00,12:52~12:58,13:02~13:10,8,49691.786,34.78709383333333,127.30496619444445,,배포.순천.지자기야장.23.xlsx,간편야장출력
순천,2023-04-26,13:41:00,14:03:00,13:41~13:50,13:55~14:03,8,49700.874,34.78709383333333,127.30496619444445,,배포.순천.지자기야장.23.xlsx,간편야장출력
순천,2023-04-26,14:30:00,14:45:00,14:30~14:37,14:39~14:45,8,49690.663,34.78709383333333,127.30496619444445,,배포.순천.지자기야장.23.xlsx,간편야장출력
순천,2023-04-26,15:00:00,15:15:00,15:00~15:06,15:09~15:15,8,49690.663,34.78709383333333,127.30496619444445,,배포.순천.지자기야장.23.xlsx,간편야장출력
순천,2025-04-02,11:43:00,12:02:00,11:43~11:46,11:55~12:02,7,49618.919,34.78709383333333,127.30496619444445,,배포.지자기야장(순천).250402ver.xlsx,250402순천야장
순천,2025-04-02,11:43:00,16:03:00,11:43~16:03,,23,,34.78709383333333,127.30496619444445,,배포.지자기야장(순천).250402ver.xlsx,250402순천야장
순천,2025-04-02,12:24:00,12:42:00,12:24~12:30,12:35~12:42,8,49618.919,34.78709383333333,127.30496619444445,,배포.지자기야장(순천).250402ver.xlsx,250402순천야장
순천,2025-04-02,13:19:00,13:42:00,13:19~13:26,13:35~13:42,8,49618.919,34.78709383333333,127.30496619444445,,배포.지자기야장(순천).250402ver.xlsx,250402순천야장
순천,2025-04-02,14:23:00,14:40:00,14:23~14:29,14:33~14:40,8,49618.919,34.78709383333333,127.30496619444445,,배포.지자기야장(순천).250402ver.xlsx,250402순천야장
순천,2025-04-02,15:09:00,15:25:00,15:09~15:15,15:19~15:25,8,49618.919,34.78709383333333,127.30496619444445,,배포.지자기야장(순천).250402ver.xlsx,250402순천야장
순천,2025-04-02,15:58:00,16:13:00,15:58~16:03,16:06~16:13,8,49618.919,34.78709383333333,127.30496619444445,,배포.지자기야장(순천).250402ver.xlsx,250402순천야장
양산,2024-10-17,11:58:00,12:22:00,11:58~12:06,12:16~12:22,8,49582.83,35.67619995833333,129.1908721388889,,배포.지자기야장(양산).24.10.17.ver24.1.xlsx,양산.지자기야장
양산,2024-10-17,12:30:00,12:45:00,12:30~12:36,12:39~12:45,8,49584.75,35.67619995833333,129.1908721388889,,배포.지자기야장(양산).24.10.17.ver24.1.xlsx,양산.지자기야장
양산,2024-10-17,13:21:00,13:41:00,13:21~13:27,13:33~13:41,8,49602.74,35.67619995833333,129.1908721388889,,배포.지자기야장(양산).24.10.17.ver24.1.xlsx,양산.지자기야장
양산,2024-10-17,14:00:00,14:15:00,14:00~14:06,14:10~14:15,8,49602.67,35.67619995833333,129.1908721388889,,배포.지자기야장(양산).24.10.17.ver24.1.xlsx,양산.지자기야장
양산,2024-10-17,14:40:00,15:00:00,14:40~14:46,14:54~15:00,8,49603.89,35.67619995833333,129.1908721388889,,배포.지자기야장(양산).24.10.17.ver24.1.xlsx,양산.지자기야장
양산,2024-10-17,15:01:00,15:14:00,15:01~15:07,15:09~15:14,8,49607.03,35.67619995833333,129.1908721388889,,배포.지자기야장(양산).24.10.17.ver24.1.xlsx,양산.지자기야장
여주,2023-09-07,11:50:00,12:09:00,11:50~11:56,12:02~12:09,8,51110.511,37.445381,127.57332169444445,,여주.지자기야장.23.09.07.xlsx,간편야장출력
여주,2023-09-07,11:50:00,15:10:00,11:50~15:10,,24,,37.445381,127.57332169444445,,여주.지자기야장.23.09.07.xlsx,간편야장출력
여주,2023-09-07,12:24:00,12:50:00,12:24~12:33,12:44~12:50,8,51130.725,37.445381,127.57332169444445,,여주.지자기야장.23.09.07.xlsx,간편야장출력
여주,2023-09-07,13:10:00,13:33:00,13:10~13:18,13:24~13:33,8,51139.84,37.445381,127.57332169444445,,여주.지자기야장.23.09.07.xlsx,간편야장출력
여주,2023-09-07,13:56:00,14:16:00,13:56~14:04,14:10~14:16,8,51146.208,37.445381,127.57332169444445,,여주.지자기야장.23.09.07.xlsx,간편야장출력
여주,2023-09-07,14:35:00,14:58:00,14:35~14:44,14:52~14:58,8,51149.717,37.445381,127.57332169444445,,여주.지자기야장.23.09.07.xlsx,간편야장출력
여주,2023-09-07,15:05:00,15:22:00,15:05~15:10,15:15~15:22,8,51151.251,37.445381,127.57332169444445,,여주.지자기야장.23.09.07.xlsx,간편야장출력
여주,2025-04-30,10:40:00,11:21:00,10:40~10:57,11:09~11:21,8,51161.674,37.445381,127.57332169444445,,배포.지자기야장(여주).250430.xlsx,25.4.30.여주점
여주,2025-04-30,12:39:00,12:59:00,12:39~12:45,12:52~12:59,8,51173.33,37.445381,127.57332169444445,,배포.지자기야장(여주).250430.xlsx,25.4.30.여주점
여주,2025-04-30,13:23:00,13:44:00,13:23~13:32,13:37~13:44,8,51177.889,37.445381,127.57332169444445,,배포.지자기야장(여주).250430.xlsx,25.4.30.여주점
여주,2025-04-30,14:07:00,14:23:00,14:07~14:14,14:18~14:23,8,51180.257,37.445381,127.57332169444445,,배포.지자기야장(여주).250430.xlsx,25.4.30.여주점
여주,2025-04-30,14:53:00,15:10:00,14:53~14:58,15:03~15:10,8,51177.658,37.445381,127.57332169444445,,배포.지자기야장(여주).250430.xlsx,25.4.30.여주점
여주,2025-04-30,15:38:00,15:53:00,15:38~15:44,15:48~15:53,8,51179.073,37.445381,127.57332169444445,,배포.지자기야장(여주).250430.xlsx,25.4.30.여주점
영천,2024-10-31,10:52:00,11:17:00,10:52~10:58,11:09~11:17,8,49775.684,35.79208525,128.94860258333333,,배포.지자기야장.영천(2024.10.31).ver24.xlsx,영천지자기야장
영천,2024-10-31,11:43:00,12:01:00,11:43~11:49,11:56~12:01,8,49778.94,35.79208525,128.94860258333333,,배포.지자기야장.영천(2024.10.31).ver24.xlsx,영천지자기야장
영천,2024-10-31,12:40:00,12:58:00,12:40~12:45,12:50~12:58,8,49780.226,35.79208525,128.94860258333333,,배포.지자기야장.영천(2024.10.31).ver24.xlsx,영천지자기야장
영천,2024-10-31,13:24:00,13:43:00,13:24~13:31,13:36~13:43,8,49786.463,35.79208525,128.94860258333333,,배포.지자기야장.영천(2024.10.31).ver24.xlsx,영천지자기야장
영천,2024-10-31,14:12:00,14:39:00,14:12~14:20,14:33~14:39,8,49790.688,35.79208525,128.94860258333333,,배포.지자기야장.영천(2024.10.31).ver24.xlsx,영천지자기야장
영천,2024-10-31,15:06:00,15:24:00,15:06~15:13,15:19~15:24,8,49791.953,35.79208525,128.94860258333333,,배포.지자기야장.영천(2024.10.31).ver24.xlsx,영천지자기야장
이원,2019-05-21,13:46:00,14:06:00,13:46~13:51,13:56~14:06,8,50300.371999999996,36.07088055555556,127.69973333333334,,2019.5.21~23.이원 야장기록.xlsx,이원야장
이원,2019-05-21,14:21:00,14:38:00,14:21~14:27,14:31~14:38,8,50300.371999999996,36.07088055555556,127.69973333333334,,2019.5.21~23.이원 야장기록.xlsx,이원야장
이원,2019-05-22,10:10:00,10:32:00,10:10~10:19,10:24~10:32,8,50287.414,36.07088055555556,127.69973333333334,,2019.5.21~23.이원 야장기록.xlsx,이원야장
이원,2019-05-22,10:44:00,11:05:00,10:44~10:53,10:57~11:05,8,50287.414,36.07088055555556,127.69973333333334,,2019.5.21~23.이원 야장기록.xlsx,이원야장
이원,2024-09-05,11:47:00,12:16:00,11:47~11:56,12:07~12:16,8,50258.807,36.07088027777778,127.69973402777778,,배포.지자기야장.이원(2024.9.5).xlsx,24.9.5.이원점
이원,2024-09-05,12:29:00,12:53:00,12:29~12:36,12:44~12:53,8,50267.87,36.07088027777778,127.69973402777778,,배포.지자기야장.이원(2024.9.5).xlsx,24.9.5.이원점
이원,2024-09-05,13:03:00,13:19:00,13:03~13:10,13:12~13:19,8,50285.86,36.07088027777778,127.69973402777778,,배포.지자기야장.이원(2024.9.5).xlsx,24.9.5.이원점
이원,2024-09-05,13:37:00,13:53:00,13:37~13:44,13:46~13:53,8,50294.54,36.07088027777778,127.69973402777778,,배포.지자기야장.이원(2024.9.5).xlsx,24.9.5.이원점
이원,2024-09-05,14:22:00,14:37:00,14:22~14:28,14:32~14:37,8,50307.3,36.07088027777778,127.69973402777778,,배포.지자기야장.이원(2024.9.5).xlsx,24.9.5.이원점
이원,2024-09-05,15:00:00,15:16:00,15:00~15:05,15:10~15:16,8,50307.3,36.07088027777778,127.69973402777778,,배포.지자기야장.이원(2024.9.5).xlsx,24.9.5.이원점
임계,2022-10-12,13:17:00,13:34:00,13:17~13:23,13:27~13:34,8,50587.58,37.384717083333335,129.20322594444443,,복사본 배포.임계_지자기야장(22.10.12).xlsx,임계
임계,2022-10-12,13:17:00,16:35:00,13:17~16:35,,24,,37.384717083333335,129.20322594444443,,복사본 배포.임계_지자기야장(22.10.12).xlsx,임계
임계,2022-10-12,13:49:00,14:02:00,13:49~13:56,13:58~14:02,7,50587.58,37.384717083333335,129.20322594444443,,복사본 배포.임계_지자기야장(22.10.12).xlsx,임계
임계,2022-10-12,14:34:00,14:45:00,14:34~14:38,14:41~14:45,8,50587.58,37.384717083333335,129.20322594444443,,복사본 배포.임계_지자기야장(22.10.12).xlsx,임계
임계,2022-10-12,15:19:00,15:31:00,15:19~15:24,15:27~15:31,8,50587.58,37.384717083333335,129.20322594444443,,복사본 배포.임계_지자기야장(22.10.12).xlsx,임계
임계,2022-10-12,16:00:00,16:12:00,16:00~16:05,16:07~16:12,8,50587.58,37.384717083333335,129.20322594444443,,복사본 배포.임계_지자기야장(22.10.12).xlsx,임계
임계,2022-10-12,16:30:00,16:43:00,16:30~16:35,16:38~16:43,8,50587.58,37.384717083333335,129.20322594444443,,복사본 배포.임계_지자기야장(22.10.12).xlsx,임계
장흥,2019-10-22,10:06:00,10:25:00,10:06~10:12,10:16~10:25,8,49468.057,34.62727708333333,126.97782963888889,,2019.10.21-23.장흥.지자기야장.xlsx,간편야장출력
장흥,2019-10-22,10:46:00,11:00:00,10:46~10:51,10:54~11:00,8,49468.057,34.62727708333333,126.97782963888889,,2019.10.21-23.장흥.지자기야장.xlsx,간편야장출력
장흥,2019-10-22,11:34:00,11:46:00,11:34~11:39,11:41~11:46,8,49468.057,34.62727708333333,126.97782963888889,,2019.10.21-23.장흥.지자기야장.xlsx,간편야장출력
장흥,2019-10-22,13:00:00,13:16:00,13:00~13:06,13:10~13:16,8,49468.057,34.62727708333333,126.97782963888889,,2019.10.21-23.장흥.지자기야장.xlsx,간편야장출력
장흥,2019-10-22,13:10:00,14:07:00,14:03~14:07,13:10~13:14,8,49468.057,34.62727708333333,126.97782963888889,복각시각이 편각보다 57분 빠름,2019.10.21-23.장흥.지자기야장.xlsx,간편야장출력
장흥,2019-10-22,13:30:00,13:43:00,13:30~13:35,13:39~13:43,8,49468.057,34.62727708333333,126.97782963888889,,2019.10.21-23.장흥.지자기야장.xlsx,간편야장출력
포천,2020-10-20,15:01:00,16:04:00,15:01~15:12,15:55~16:04,8,51342.75,37.91457169444444,127.06977247222221,편각-복각 간격 43분,2020.10.20_포천_지자기야장.xlsx,2020.10.22(포천)야장기록
포천,2020-10-20,16:22:00,16:55:00,16:22~16:34,16:39~16:55,8,51342.75,37.91457169444444,127.06977247222221,,2020.10.20_포천_지자기야장.xlsx,2020.10.22(포천)야장기록
포천,2020-10-20,17:00:00,17:22:00,17:00~17:07,17:15~17:22,8,51342.75,37.91457169444444,127.06977247222221,,2020.10.20_포천_지자기야장.xlsx,2020.10.22(포천)야장기록
포천,2020-10-21,10:33:00,10:58:00,10:33~10:43,10:49~10:58,7,51354.998,37.91457169444444,127.06977247222221,,2020.10.20_포천_지자기야장.xlsx,2020.10.22(포천)야장기록
포천,2020-10-21,11:25:00,11:47:00,11:25~11:33,11:38~11:47,8,51354.998,37.91457169444444,127.06977247222221,,2020.10.20_포천_지자기야장.xlsx,2020.10.22(포천)야장기록
포천,2020-10-21,12:03:00,12:23:00,12:03~12:10,12:15~12:23,8,51354.998,37.91457169444444,127.06977247222221,,2020.10.20_포천_지자기야장.xlsx,2020.10.22(포천)야장기록
포천,2023-05-25,11:04:00,11:29:00,11:04~11:10,11:21~11:29,8,51410.419,37.99090827777778,127.13465677777778,,배포.포천.지자기야장.23.05.25.xlsx,포천.지자기야장
포천,2023-05-25,12:00:00,12:19:00,12:00~12:06,12:11~12:19,8,51425.201,37.99090827777778,127.13465677777778,,배포.포천.지자기야장.23.05.25.xlsx,포천.지자기야장
포천,2023-05-25,12:50:00,13:09:00,12:50~12:57,13:03~13:09,8,51435.091,37.99090827777778,127.13465677777778,,배포.포천.지자기야장.23.05.25.xlsx,포천.지자기야장
포천,2023-05-25,13:29:00,13:44:00,13:29~13:33,13:39~13:44,8,51445.528,37.99090827777778,127.13465677777778,,배포.포천.지자기야장.23.05.25.xlsx,포천.지자기야장
포천,2023-05-25,14:01:00,14:15:00,14:01~14:07,14:10~14:15,8,51415.14,37.99090827777778,127.13465677777778,,배포.포천.지자기야장.23.05.25.xlsx,포천.지자기야장
포천,2023-05-25,14:30:00,14:45:00,14:30~14:36,14:40~14:45,8,51415.14,37.99090827777778,127.13465677777778,,배포.포천.지자기야장.23.05.25.xlsx,포천.지자기야장
포천,2025-05-27,11:16:00,11:31:00,11:16~11:23,11:25~11:31,8,51491.39,37.99090344444445,127.13462836111111,,배포.지자기야장(25.05.27).포천점.xlsx,포천야장
포천,2025-05-27,11:42:00,11:59:00,11:42~11:48,11:53~11:59,8,51489.5,37.99090344444445,127.13462836111111,,배포.지자기야장(25.05.27).포천점.xlsx,포천야장
포천,2025-05-27,12:23:00,12:39:00,12:23~12:29,12:33~12:39,8,51487.56,37.99090344444445,127.13462836111111,,배포.지자기야장(25.05.27).포천점.xlsx,포천야장
포천,2025-05-27,13:04:00,13:20:00,13:04~13:10,13:14~13:20,8,51495.63,37.99090344444445,127.13462836111111,,배포.지자기야장(25.05.27).포천점.xlsx,포천야장
포천,2025-05-27,14:06:00,14:25:00,14:06~14:12,14:19~14:25,8,51499.47,37.99090344444445,127.13462836111111,,배포.지자기야장(25.05.27).포천점.xlsx,포천야장
포천,2025-05-27,14:47:00,15:02:00,14:47~14:53,14:56~15:02,8,51508.24,37.99090344444445,127.13462836111111,,배포.지자기야장(25.05.27).포천점.xlsx,포천야장
함양,2020-11-16,15:08:00,15:27:00,15:08~15:14,15:21~15:27,8,49746.427,35.54249166666666,127.62365,,배포_지자기야장.20.11.16_함양.xlsx,함양야장
함양,2020-11-16,15:50:00,16:10:00,15:50~15:59,16:02~16:10,8,49746.427,35.54249166666666,127.62365,,배포_지자기야장.20.11.16_함양.xlsx,함양야장
함양,2020-11-16,16:22:00,16:35:00,16:22~16:27,16:31~16:35,8,49746.427,35.54249166666666,127.62365,,배포_지자기야장.20.11.16_함양.xlsx,함양야장
함양,2020-11-17,09:10:00,09:27:00,09:10~09:16,09:20~09:27,8,49746.427,35.54249166666666,127.62365,,배포_지자기야장.20.11.16_함양.xlsx,함양야장
함양,2020-11-17,10:05:00,10:17:00,10:05~10:10,10:13~10:17,8,49746.427,35.54249166666666,127.62365,,배포_지자기야장.20.11.16_함양.xlsx,함양야장
함양,2020-11-17,10:31:00,10:42:00,10:31~10:35,10:38~10:42,8,49746.427,35.54249166666666,127.62365,,배포_지자기야장.20.11.16_함양.xlsx,함양야장
함양,2023-09-13,10:22:00,10:40:00,10:22~10:28,10:34~10:40,8,49651.46,35.542508472222224,127.62296883333333,,함양.지자기야장.23.09.12.xlsx,간편야장출력
함양,2023-09-13,10:48:00,11:04:00,10:48~10:49,10:58~11:04,6,49652.085,35.542508472222224,127.62296883333333,,함양.지자기야장.23.09.12.xlsx,간편야장출력
함양,2023-09-13,11:15:00,11:38:00,11:15~11:23,11:28~11:38,8,49643.455,35.542508472222224,127.62296883333333,,함양.지자기야장.23.09.12.xlsx,간편야장출력
함양,2023-09-13,11:57:00,12:18:00,11:57~12:04,12:09~12:18,8,49651.967,35.542508472222224,127.62296883333333,,함양.지자기야장.23.09.12.xlsx,간편야장출력
함양,2023-09-13,12:28:00,12:45:00,12:28~12:33,12:39~12:45,8,49659.369,35.542508472222224,127.62296883333333,,함양.지자기야장.23.09.12.xlsx,간편야장출력
함양,2023-09-13,12:57:00,13:14:00,12:57~13:03,13:08~13:14,8,49660.72,35.542508472222224,127.62296883333333,,함양.지자기야장.23.09.12.xlsx,간편야장출력
함양,2025-10-29,11:28:00,11:46:00,11:28~11:34,11:40~11:46,8,49771.59,35.542508472222224,127.62296883333333,,배포.지자기야장(25.10.30.).함양점.xlsx,2025.10.30.함양야장
함양,2025-10-29,12:09:00,12:26:00,12:09~12:15,12:20~12:26,8,49778.05,35.542508472222224,127.62296883333333,,배포.지자기야장(25.10.30.).함양점.xlsx,2025.10.30.함양야장
함양,2025-10-29,13:10:00,13:25:00,13:10~13:16,13:19~13:25,8,49770.82,35.542508472222224,127.62296883333333,,배포.지자기야장(25.10.30.).함양점.xlsx,2025.10.30.함양야장
함양,2025-10-29,13:58:00,14:15:00,13:58~14:04,14:08~14:15,8,49783.35,35.542508472222224,127.62296883333333,,배포.지자기야장(25.10.30.).함양점.xlsx,2025.10.30.함양야장
함양,2025-10-29,14:45:00,15:01:00,14:45~14:50,14:55~15:01,8,49788.97,35.542508472222224,127.62296883333333,,배포.지자기야장(25.10.30.).함양점.xlsx,2025.10.30.함양야장
함양,2025-10-29,15:29:00,15:44:00,15:29~15:35,15:39~15:44,8,49786.44,35.542508472222224,127.62296883333333,,배포.지자기야장(25.10.30.).함양점.xlsx,2025.10.30.함양야장
